order_id,customer_id,order_date,status,region_code
ORD00001,CUST0565,2024-08-27 10:26:21,DELIVERED,EAST
ORD00002,CUST0536,13-04-2024 14:00:17,RETURNED,SOUTH
ORD00003,CUST0207,2024-06-15 07:18:21,PLACED,CENTRAL
ORD00004,CUST0398,2026-01-31 01:09:18,DELIVERED,EAST
ORD00005,,2024-12-08 21:08:30,PLACED,SOUTH
ORD00006,CUST0082,2025-12-28 02:30:34,PLACED,CENTRAL
ORD00007,CUST0426,2025-07-27 07:52:35,PLACED,CENTRAL
ORD00008,CUST0042,2024-04-19 08:15:34,PLACED,SOUTH
ORD00009,CUST0100,2024-06-06 05:56:45,DELIVERED,SOUTH
ORD00010,CUST0255,2026-06-04 12:10:18,SHIPPED,CENTRAL
ORD00011,CUST0109,2026-06-14 15:51:04,DELIVERED,WEST
ORD00012,CUST0171,2024-10-07 05:40:13,DELIVERED,SOUTH
ORD00013,CUST0454,2025-07-01 07:35:36,DELIVERED,EAST
ORD00014,CUST0423,2025-10-30 21:29:12,DELIVERED,SOUTH
ORD00015,CUST0220,2025-08-05 15:21:53,RETURNED,EAST
ORD00016,CUST0464,2025-11-26 04:00:04,PLACED,NORTH
ORD00017,CUST0017,2026-03-15 01:52:32,CANCELLED,NORTH
ORD00018,CUST0228,2024-11-29 17:10:29,PLACED,EAST
ORD00019,CUST0524,2026-05-14 05:13:40,DELIVERED,NORTH
ORD00020,,2025-07-06 11:48:27,SHIPPED,CENTRAL
ORD00021,CUST0263,2025-04-11 12:05:10,DELIVERED,SOUTH
ORD00022,CUST0333,2026-01-19 14:08:26,CANCELLED,CENTRAL
ORD00023,CUST0098,2026-07-13 15:49:39,PLACED,CENTRAL
ORD00024,CUST0058,2025-06-03 10:56:58,CANCELLED,WEST
ORD00025,CUST0124,2024-12-18 04:38:50,CANCELLED,NORTH
ORD00026,CUST0392,2024-03-25 02:02:10,PLACED,CENTRAL
ORD00027,CUST0335,2026-02-19 10:53:22,SHIPPED,WEST
ORD00028,CUST0590,2026-02-23 01:40:26,DELIVERED,WEST
ORD00029,CUST0345,2024-05-08 05:30:17,DELIVERED,CENTRAL
ORD00030,CUST0088,2025-09-11 02:09:53,DELIVERED,SOUTH
ORD00031,CUST0493,2026-05-18 20:04:22,DELIVERED,CENTRAL
ORD00032,CUST0537,2025-01-17 12:42:37,SHIPPED,WEST
ORD00033,CUST0590,2024-05-19 04:19:50,DELIVERED,EAST
ORD00034,CUST0329,2025-06-19 04:49:10,PLACED,EAST
ORD00035,CUST0359,2025-11-17 22:47:15,DELIVERED,SOUTH
ORD00036,CUST0383,2024-08-30 07:46:26,CANCELLED,NORTH
ORD00037,CUST0249,2024-08-17 09:48:01,CANCELLED,NORTH
ORD00038,CUST0114,2025-04-18 23:37:31,PLACED,SOUTH
ORD00039,CUST0217,2024-11-12 14:15:54,DELIVERED,CENTRAL
ORD00040,CUST0145,2024-01-29 13:34:24,RETURNED,CENTRAL
ORD00041,,2024-09-21 13:58:36,SHIPPED,CENTRAL
ORD00042,CUST0477,2024-01-13 22:43:14,DELIVERED,EAST
ORD00043,CUST0020,2025-03-30 09:01:31,DELIVERED,SOUTH
ORD00044,CUST0521,2024-06-03 17:29:43,DELIVERED,CENTRAL
ORD00045,CUST0191,2024-11-04 22:36:17,DELIVERED,NORTH
ORD00046,,2026-04-02 10:02:07,DELIVERED,SOUTH
ORD00047,,2025-06-30 16:16:14,DELIVERED,CENTRAL
ORD00048,CUST0064,2025-02-04 06:58:58,CANCELLED,NORTH
ORD00049,CUST0287,2024-12-16 10:19:57,CANCELLED,SOUTH
ORD00050,CUST0392,2026-03-19 21:46:05,DELIVERED,SOUTH
ORD00051,CUST0587,2024-08-25 06:54:04,DELIVERED,CENTRAL
ORD00052,CUST0556,2024-07-23 16:49:16,PLACED,CENTRAL
ORD00053,CUST0208,2024-08-02 13:06:02,DELIVERED,CENTRAL
ORD00054,CUST0441,2024-08-13 11:40:24,DELIVERED,SOUTH
ORD00055,CUST0571,2026-04-07 22:14:47,PLACED,EAST
ORD00056,CUST0150,2024-02-15 19:13:07,CANCELLED,WEST
ORD00057,CUST0311,2025-11-19 04:24:15,CANCELLED,EAST
ORD00058,CUST0193,2024-06-14 20:43:39,PLACED,CENTRAL
ORD00059,CUST0581,2024-12-24 16:59:56,SHIPPED,NORTH
ORD00060,CUST0489,2024-07-27 07:06:42,DELIVERED,EAST
ORD00061,CUST0397,2026-02-02 10:25:11,SHIPPED,SOUTH
ORD00062,,2024-01-24 07:46:19,RETURNED,SOUTH
ORD00063,CUST0208,2024-11-13 18:37:41,RETURNED,WEST
ORD00064,CUST0502,2025-05-19 16:59:12,CANCELLED,WEST
ORD00065,CUST0043,2025-08-13 21:22:36,DELIVERED,CENTRAL
ORD00066,CUST0538,2024-02-29 19:49:49,DELIVERED,NORTH
ORD00067,CUST0252,2026-03-16 18:38:11,RETURNED,NORTH
ORD00068,CUST0529,2024-03-17 13:52:03,DELIVERED,EAST
ORD00069,CUST0293,2025-12-17 16:16:08,SHIPPED,NORTH
ORD00070,CUST0146,2025-12-21 03:28:33,DELIVERED,CENTRAL
ORD00071,CUST0600,2026-04-28 19:32:00,DELIVERED,WEST
ORD00072,,2025-12-05 18:26:37,DELIVERED,SOUTH
ORD00073,CUST0093,2025-01-23 11:44:37,DELIVERED,SOUTH
ORD00074,CUST0127,2024-05-21 15:51:21,DELIVERED,EAST
ORD00075,CUST0394,2026-03-05 20:18:28,SHIPPED,CENTRAL
ORD00076,CUST0175,2025-06-04 16:54:21,DELIVERED,SOUTH
ORD00077,CUST0149,2024-10-04 20:38:10,PLACED,EAST
ORD00078,CUST0457,2025-03-24 14:31:07,PLACED,SOUTH
ORD00079,CUST0004,28-01-2025 04:39:40,DELIVERED,WEST
ORD00080,CUST0006,2026-02-05 13:46:32,DELIVERED,WEST
ORD00081,CUST0453,2024-05-03 08:25:47,PLACED,CENTRAL
ORD00082,CUST0571,18-11-2024 13:17:27,PLACED,EAST
ORD00083,,2024-02-20 09:09:21,CANCELLED,EAST
ORD00084,CUST0090,2024-03-17 04:01:18,RETURNED,SOUTH
ORD00085,CUST0587,2026-05-23 07:29:06,DELIVERED,CENTRAL
ORD00086,CUST0037,2024-05-24 15:59:58,DELIVERED,WEST
ORD00087,CUST0438,2026-05-05 03:02:58,DELIVERED,NORTH
ORD00088,CUST0282,2025-05-26 09:47:00,DELIVERED,SOUTH
ORD00089,CUST0112,2026-06-06 14:06:30,DELIVERED,NORTH
ORD00090,CUST0295,2025-10-25 09:42:44,DELIVERED,CENTRAL
ORD00091,CUST0363,2024-07-20 12:03:22,DELIVERED,WEST
ORD00092,CUST0185,2024-12-27 12:29:29,RETURNED,NORTH
ORD00093,CUST0477,2024-07-02 04:35:22,SHIPPED,CENTRAL
ORD00094,CUST0424,2024-03-11 16:04:18,DELIVERED,SOUTH
ORD00095,,2024-11-08 12:48:00,SHIPPED,NORTH
ORD00096,CUST0519,2026-05-04 09:14:51,PLACED,EAST
ORD00097,CUST0583,2024-02-15 05:34:28,SHIPPED,EAST
ORD00098,CUST0491,2026-01-07 02:39:32,DELIVERED,WEST
ORD00099,CUST0472,2026-04-14 03:36:03,DELIVERED,WEST
ORD00100,CUST0058,2026-03-20 11:01:04,DELIVERED,EAST
ORD00101,CUST0020,2024-11-19 12:35:15,DELIVERED,EAST
ORD00102,CUST0153,2025-03-11 16:18:27,DELIVERED,WEST
ORD00103,CUST0170,2026-06-05 23:44:18,SHIPPED,NORTH
ORD00104,CUST0316,2025-05-03 13:23:14,SHIPPED,NORTH
ORD00105,CUST0244,2025-07-31 05:38:23,RETURNED,SOUTH
ORD00106,CUST0180,2024-06-23 08:17:06,PLACED,SOUTH
ORD00107,CUST0455,25-02-2026 00:50:58,DELIVERED,CENTRAL
ORD00108,CUST0349,2026-01-21 01:08:25,DELIVERED,EAST
ORD00109,CUST0101,2026-03-12 19:20:26,PLACED,NORTH
ORD00110,CUST0535,28-06-2024 22:40:43,RETURNED,CENTRAL
ORD00111,CUST0342,2025-12-26 06:23:42,PLACED,EAST
ORD00112,,2025-04-29 21:31:50,SHIPPED,SOUTH
ORD00113,CUST0284,2026-04-06 20:40:49,DELIVERED,NORTH
ORD00114,CUST0162,2025-03-01 01:55:21,RETURNED,CENTRAL
ORD00115,CUST0212,2026-04-22 18:56:11,DELIVERED,SOUTH
ORD00116,CUST0291,2026-06-10 19:21:48,PLACED,CENTRAL
ORD00117,CUST0554,2025-11-20 04:22:58,PLACED,NORTH
ORD00118,CUST0056,2024-05-13 18:46:14,SHIPPED,CENTRAL
ORD00119,CUST0457,2025-07-06 10:38:07,CANCELLED,CENTRAL
ORD00120,CUST0477,2026-06-01 00:43:10,CANCELLED,WEST
ORD00121,CUST0318,2025-12-23 23:14:29,RETURNED,SOUTH
ORD00122,CUST0265,2025-07-18 14:22:25,DELIVERED,EAST
ORD00123,CUST0333,2025-12-05 03:37:03,PLACED,NORTH
ORD00124,CUST0473,2024-09-22 07:56:35,DELIVERED,CENTRAL
ORD00125,CUST0106,2025-09-22 05:04:10,DELIVERED,EAST
ORD00126,CUST0073,2025-04-14 07:46:48,DELIVERED,WEST
ORD00127,CUST0250,2026-05-01 05:01:12,DELIVERED,NORTH
ORD00128,CUST0442,2025-11-07 07:09:45,DELIVERED,SOUTH
ORD00129,CUST0080,2026-06-10 23:17:27,PLACED,CENTRAL
ORD00130,CUST0569,2024-05-31 16:48:05,SHIPPED,WEST
ORD00131,CUST0112,2026-07-15 11:36:19,DELIVERED,WEST
ORD00132,CUST0063,2024-05-20 15:18:54,PLACED,CENTRAL
ORD00133,CUST0001,2024-08-15 22:19:03,DELIVERED,EAST
ORD00134,CUST0592,2025-11-25 15:19:28,DELIVERED,EAST
ORD00135,CUST0312,2025-11-06 07:47:54,RETURNED,NORTH
ORD00136,CUST0523,2025-09-19 21:34:18,CANCELLED,NORTH
ORD00137,CUST0563,23-03-2024 12:43:47,DELIVERED,EAST
ORD00138,CUST0289,2024-02-18 10:39:05,DELIVERED,WEST
ORD00139,CUST0392,2025-09-22 17:59:40,DELIVERED,SOUTH
ORD00140,CUST0193,2026-05-12 19:37:02,RETURNED,WEST
ORD00141,CUST0129,27-07-2024 14:13:34,DELIVERED,SOUTH
ORD00142,CUST0499,2025-11-09 10:39:54,PLACED,SOUTH
ORD00143,CUST0426,2025-12-09 09:58:49,DELIVERED,WEST
ORD00144,CUST0466,2026-03-02 08:21:52,CANCELLED,WEST
ORD00145,CUST0191,2025-10-21 20:38:33,DELIVERED,SOUTH
ORD00146,CUST0276,2025-09-30 05:08:37,DELIVERED,NORTH
ORD00147,CUST0582,2026-01-20 17:32:30,PLACED,WEST
ORD00148,CUST0082,2024-08-08 17:24:18,DELIVERED,EAST
ORD00149,CUST0081,2026-03-24 00:09:19,PLACED,WEST
ORD00150,CUST0080,2026-04-17 14:43:44,DELIVERED,NORTH
ORD00151,CUST0548,2024-01-17 18:02:03,DELIVERED,WEST
ORD00152,CUST0340,2025-10-16 00:37:05,RETURNED,EAST
ORD00153,CUST0037,2026-07-17 09:30:15,DELIVERED,CENTRAL
ORD00154,CUST0485,2026-06-17 02:39:43,PLACED,EAST
ORD00155,CUST0028,2025-03-21 13:15:45,PLACED,NORTH
ORD00156,CUST0285,2025-01-26 13:08:29,SHIPPED,EAST
ORD00157,,2024-06-22 06:51:47,RETURNED,SOUTH
ORD00158,CUST0379,2024-09-29 11:21:44,DELIVERED,WEST
ORD00159,CUST0541,2024-02-21 09:42:15,PLACED,SOUTH
ORD00160,CUST0158,2026-02-09 10:17:30,DELIVERED,WEST
ORD00161,CUST0451,2024-09-16 20:46:19,DELIVERED,EAST
ORD00162,CUST0271,2024-06-29 04:35:00,DELIVERED,WEST
ORD00163,CUST0546,2024-12-28 23:31:30,DELIVERED,WEST
ORD00164,CUST0544,06-11-2025 08:04:14,RETURNED,WEST
ORD00165,CUST0324,2026-04-03 17:16:49,PLACED,CENTRAL
ORD00166,CUST0443,2025-02-27 10:54:50,SHIPPED,NORTH
ORD00167,CUST0599,2025-08-30 15:16:09,DELIVERED,SOUTH
ORD00168,CUST0200,2026-03-18 17:13:39,DELIVERED,SOUTH
ORD00169,CUST0011,2024-01-14 04:00:51,PLACED,NORTH
ORD00170,CUST0457,2025-06-30 01:28:55,SHIPPED,SOUTH
ORD00171,,2024-05-22 19:49:10,DELIVERED,SOUTH
ORD00172,CUST0125,2024-07-05 09:04:15,DELIVERED,WEST
ORD00173,CUST0580,2024-10-14 00:40:23,DELIVERED,EAST
ORD00174,CUST0078,2025-12-05 09:36:31,SHIPPED,WEST
ORD00175,CUST0332,2025-02-03 18:12:13,PLACED,NORTH
ORD00176,CUST0341,2024-04-03 07:08:55,CANCELLED,SOUTH
ORD00177,CUST0504,2024-11-07 17:29:12,SHIPPED,WEST
ORD00178,CUST0554,2025-10-31 22:17:55,DELIVERED,WEST
ORD00179,CUST0106,2024-02-24 03:42:30,DELIVERED,EAST
ORD00180,CUST0020,2026-02-12 03:39:08,DELIVERED,NORTH
ORD00181,CUST0273,2024-08-23 12:20:10,RETURNED,CENTRAL
ORD00182,,2026-02-01 05:51:21,DELIVERED,NORTH
ORD00183,CUST0004,2025-08-20 04:21:38,CANCELLED,WEST
ORD00184,CUST0549,2025-07-11 13:26:42,DELIVERED,NORTH
ORD00185,CUST0093,2025-07-21 13:26:06,RETURNED,NORTH
ORD00186,CUST0297,2024-11-11 12:52:48,PLACED,WEST
ORD00187,CUST0307,2025-08-29 00:09:29,DELIVERED,EAST
ORD00188,CUST0449,2024-10-21 07:44:54,SHIPPED,CENTRAL
ORD00189,CUST0399,2024-04-07 20:32:07,DELIVERED,WEST
ORD00190,CUST0461,26-01-2024 12:07:05,PLACED,NORTH
ORD00191,CUST0217,2026-03-23 15:18:49,DELIVERED,CENTRAL
ORD00192,CUST0594,2024-12-27 22:20:05,PLACED,SOUTH
ORD00193,CUST0020,2026-01-02 00:20:28,DELIVERED,SOUTH
ORD00194,CUST0134,2024-01-23 07:34:25,PLACED,EAST
ORD00195,CUST0100,2025-12-09 15:47:39,CANCELLED,NORTH
ORD00196,CUST0109,2024-06-26 08:55:37,DELIVERED,SOUTH
ORD00197,CUST0208,2025-10-24 02:18:54,CANCELLED,WEST
ORD00198,CUST0590,2026-04-28 00:03:37,CANCELLED,SOUTH
ORD00199,CUST0178,2025-06-05 04:29:08,SHIPPED,WEST
ORD00200,CUST0379,2026-05-09 16:32:08,SHIPPED,CENTRAL
ORD00201,,2024-06-04 07:04:17,DELIVERED,WEST
ORD00202,CUST0017,2026-01-26 11:27:48,PLACED,NORTH
ORD00203,CUST0291,2025-10-08 13:53:23,DELIVERED,WEST
ORD00204,CUST0212,2024-08-10 06:42:07,DELIVERED,WEST
ORD00205,CUST0179,2024-02-28 10:37:13,DELIVERED,CENTRAL
ORD00206,CUST0309,2025-06-24 08:55:15,DELIVERED,SOUTH
ORD00207,CUST0543,2024-05-28 15:21:09,CANCELLED,CENTRAL
ORD00208,CUST0476,2024-11-19 06:51:17,SHIPPED,SOUTH
ORD00209,CUST0486,2026-02-11 20:41:51,DELIVERED,NORTH
ORD00210,CUST0373,2025-03-18 19:58:32,SHIPPED,CENTRAL
ORD00211,CUST0465,2024-03-08 06:59:34,PLACED,CENTRAL
ORD00212,CUST0030,2026-01-23 12:23:58,PLACED,SOUTH
ORD00213,CUST0594,2025-05-21 09:07:43,DELIVERED,EAST
ORD00214,CUST0113,2025-05-21 15:05:26,SHIPPED,WEST
ORD00215,CUST0385,2024-12-08 18:54:14,DELIVERED,NORTH
ORD00216,CUST0149,2024-12-01 19:13:16,DELIVERED,WEST
ORD00217,CUST0469,2024-10-28 14:37:12,RETURNED,SOUTH
ORD00218,CUST0033,2026-06-02 09:23:56,PLACED,WEST
ORD00219,CUST0176,2025-06-17 17:26:31,SHIPPED,SOUTH
ORD00220,CUST0175,2026-06-17 01:55:46,CANCELLED,NORTH
ORD00221,CUST0535,2026-01-29 23:11:50,SHIPPED,WEST
ORD00222,CUST0286,2024-01-23 12:44:34,DELIVERED,SOUTH
ORD00223,CUST0445,2026-06-19 04:05:48,RETURNED,SOUTH
ORD00224,CUST0006,2025-10-10 23:39:48,PLACED,WEST
ORD00225,CUST0517,2024-02-22 05:27:54,DELIVERED,NORTH
ORD00226,CUST0247,2024-05-09 01:52:35,PLACED,WEST
ORD00227,CUST0136,2025-07-10 18:19:56,DELIVERED,NORTH
ORD00228,,2025-04-18 13:07:56,DELIVERED,CENTRAL
ORD00229,CUST0025,2025-12-07 13:41:38,PLACED,WEST
ORD00230,CUST0380,2025-12-22 06:12:05,PLACED,NORTH
ORD00231,CUST0341,04-04-2026 18:08:40,DELIVERED,EAST
ORD00232,CUST0556,2026-06-12 14:06:18,DELIVERED,NORTH
ORD00233,CUST0344,2024-03-26 03:31:38,RETURNED,EAST
ORD00234,CUST0114,2025-08-17 21:35:49,DELIVERED,EAST
ORD00235,CUST0573,2024-04-14 02:09:41,DELIVERED,SOUTH
ORD00236,CUST0245,2026-04-18 07:00:26,DELIVERED,CENTRAL
ORD00237,CUST0215,2024-12-16 04:54:32,CANCELLED,CENTRAL
ORD00238,CUST0284,2024-03-25 14:24:57,DELIVERED,WEST
ORD00239,CUST0126,2025-12-31 08:58:43,DELIVERED,CENTRAL
ORD00240,CUST0463,2025-07-25 21:28:19,RETURNED,NORTH
ORD00241,CUST0469,2024-05-15 15:06:22,CANCELLED,EAST
ORD00242,CUST0079,2024-06-18 21:25:11,PLACED,SOUTH
ORD00243,CUST0210,2026-03-19 20:38:31,PLACED,WEST
ORD00244,CUST0555,2024-07-24 02:20:13,DELIVERED,NORTH
ORD00245,CUST0065,2024-02-04 05:35:04,SHIPPED,CENTRAL
ORD00246,CUST0422,2026-06-17 23:40:17,DELIVERED,EAST
ORD00247,CUST0543,2026-05-02 00:23:44,DELIVERED,SOUTH
ORD00248,CUST0314,2024-09-23 18:49:26,SHIPPED,EAST
ORD00249,CUST0049,2024-08-18 10:27:14,DELIVERED,SOUTH
ORD00250,CUST0165,2026-04-11 14:03:09,RETURNED,SOUTH
ORD00251,CUST0120,2024-03-04 22:14:14,DELIVERED,WEST
ORD00252,CUST0189,2024-11-14 16:44:46,PLACED,EAST
ORD00253,CUST0152,2025-08-02 07:16:35,RETURNED,CENTRAL
ORD00254,CUST0026,2025-09-20 11:10:36,DELIVERED,WEST
ORD00255,CUST0160,2024-01-07 16:06:11,DELIVERED,CENTRAL
ORD00256,CUST0303,2026-01-06 04:40:13,RETURNED,CENTRAL
ORD00257,CUST0579,2025-11-17 18:53:20,PLACED,WEST
ORD00258,CUST0143,2026-05-05 21:16:38,PLACED,CENTRAL
ORD00259,CUST0457,2025-07-09 04:35:50,PLACED,SOUTH
ORD00260,CUST0228,2025-03-07 17:52:33,PLACED,WEST
ORD00261,CUST0090,2026-03-06 00:49:18,DELIVERED,CENTRAL
ORD00262,CUST0058,2025-07-14 21:28:26,DELIVERED,WEST
ORD00263,CUST0382,2024-01-19 22:30:20,DELIVERED,WEST
ORD00264,CUST0090,2024-12-01 01:41:53,DELIVERED,WEST
ORD00265,CUST0296,2024-09-11 10:32:47,RETURNED,WEST
ORD00266,CUST0425,2024-08-04 19:27:37,DELIVERED,SOUTH
ORD00267,CUST0487,2026-03-27 00:38:32,PLACED,CENTRAL
ORD00268,CUST0091,2024-01-11 06:46:09,RETURNED,WEST
ORD00269,CUST0474,2026-06-01 05:27:18,PLACED,SOUTH
ORD00270,CUST0297,2026-05-10 09:39:20,CANCELLED,EAST
ORD00271,CUST0312,2026-02-06 13:24:04,DELIVERED,NORTH
ORD00272,CUST0158,2025-02-12 01:18:33,DELIVERED,WEST
ORD00273,CUST0295,2025-10-10 00:43:54,RETURNED,SOUTH
ORD00274,,2025-03-06 15:24:00,RETURNED,CENTRAL
ORD00275,CUST0596,2026-01-16 09:48:46,CANCELLED,WEST
ORD00276,CUST0123,2025-08-02 17:59:13,DELIVERED,EAST
ORD00277,CUST0060,2024-08-15 00:23:12,CANCELLED,SOUTH
ORD00278,CUST0055,2025-02-27 13:53:15,DELIVERED,EAST
ORD00279,,2025-03-29 02:01:32,RETURNED,CENTRAL
ORD00280,CUST0188,2024-05-26 19:32:16,SHIPPED,EAST
ORD00281,CUST0309,2025-02-25 16:43:26,DELIVERED,NORTH
ORD00282,CUST0361,11-08-2024 06:10:38,DELIVERED,EAST
ORD00283,CUST0422,2025-06-12 15:47:29,SHIPPED,SOUTH
ORD00284,CUST0227,2024-10-19 16:41:12,DELIVERED,CENTRAL
ORD00285,CUST0565,2024-06-26 00:59:16,RETURNED,NORTH
ORD00286,CUST0018,2026-01-14 21:44:07,DELIVERED,SOUTH
ORD00287,CUST0536,2025-06-15 08:22:00,DELIVERED,NORTH
ORD00288,CUST0146,2024-12-17 23:18:25,SHIPPED,NORTH
ORD00289,CUST0115,30-04-2024 18:10:55,DELIVERED,WEST
ORD00290,,16-06-2024 11:43:24,DELIVERED,CENTRAL
ORD00291,CUST0122,28-01-2025 00:59:19,DELIVERED,NORTH
ORD00292,CUST0127,2026-07-23 20:25:51,RETURNED,SOUTH
ORD00293,CUST0030,2024-05-21 00:29:53,DELIVERED,EAST
ORD00294,CUST0357,2025-07-01 03:05:23,DELIVERED,CENTRAL
ORD00295,CUST0584,2024-04-16 03:47:22,DELIVERED,NORTH
ORD00296,CUST0197,2025-03-13 20:22:58,DELIVERED,NORTH
ORD00297,CUST0102,2024-11-28 11:04:18,CANCELLED,WEST
ORD00298,CUST0190,2025-11-13 23:55:48,PLACED,EAST
ORD00299,CUST0435,2024-11-28 20:42:49,DELIVERED,EAST
ORD00300,CUST0113,2026-03-18 08:50:55,DELIVERED,EAST
ORD00301,CUST0042,2024-05-07 18:25:32,PLACED,EAST
ORD00302,CUST0320,2025-11-20 15:52:28,DELIVERED,WEST
ORD00303,CUST0072,2026-01-08 22:30:58,DELIVERED,NORTH
ORD00304,CUST0504,2024-06-12 09:05:31,DELIVERED,NORTH
ORD00305,CUST0405,2025-09-14 08:21:21,RETURNED,SOUTH
ORD00306,CUST0204,2025-06-10 01:06:10,CANCELLED,WEST
ORD00307,CUST0435,2026-02-14 08:10:25,DELIVERED,CENTRAL
ORD00308,CUST0410,2025-07-07 04:16:11,DELIVERED,WEST
ORD00309,CUST0524,2025-03-09 05:47:47,DELIVERED,NORTH
ORD00310,CUST0510,2024-12-24 13:39:36,PLACED,NORTH
ORD00311,CUST0070,2026-02-12 19:48:55,RETURNED,WEST
ORD00312,CUST0335,2024-08-25 06:26:06,DELIVERED,NORTH
ORD00313,CUST0533,2026-02-03 14:04:49,SHIPPED,WEST
ORD00314,CUST0268,2026-04-22 15:33:31,CANCELLED,CENTRAL
ORD00315,,2024-02-19 02:04:41,CANCELLED,NORTH
ORD00316,CUST0323,2025-08-07 14:50:38,PLACED,SOUTH
ORD00317,CUST0311,2024-09-11 23:44:27,PLACED,WEST
ORD00318,CUST0113,2026-06-02 16:27:35,DELIVERED,CENTRAL
ORD00319,CUST0488,2026-05-23 10:24:03,DELIVERED,WEST
ORD00320,CUST0387,2025-07-01 23:59:11,SHIPPED,NORTH
ORD00321,,2024-03-11 02:08:16,DELIVERED,CENTRAL
ORD00322,,2025-06-14 02:57:55,DELIVERED,EAST
ORD00323,CUST0058,2025-01-14 09:30:46,DELIVERED,CENTRAL
ORD00324,CUST0068,2025-04-18 15:57:37,SHIPPED,CENTRAL
ORD00325,CUST0472,2025-10-18 06:56:11,RETURNED,EAST
ORD00326,,2025-12-30 15:40:53,RETURNED,WEST
ORD00327,CUST0331,2026-06-08 09:47:16,DELIVERED,SOUTH
ORD00328,CUST0515,2025-06-11 10:56:50,SHIPPED,WEST
ORD00329,CUST0078,2026-04-12 09:20:25,SHIPPED,EAST
ORD00330,CUST0412,2024-12-16 21:38:22,RETURNED,CENTRAL
ORD00331,CUST0345,2025-02-28 15:47:00,CANCELLED,WEST
ORD00332,CUST0356,2024-04-29 02:09:04,DELIVERED,EAST
ORD00333,CUST0553,2025-05-01 18:38:43,DELIVERED,CENTRAL
ORD00334,CUST0561,2024-10-07 13:17:15,DELIVERED,CENTRAL
ORD00335,CUST0591,2026-02-14 11:39:37,RETURNED,WEST
ORD00336,CUST0546,2025-11-04 18:25:14,DELIVERED,NORTH
ORD00337,CUST0374,2025-12-19 10:45:12,SHIPPED,EAST
ORD00338,CUST0421,2025-05-10 00:15:05,RETURNED,SOUTH
ORD00339,CUST0274,2025-03-21 21:47:53,SHIPPED,CENTRAL
ORD00340,CUST0245,2024-06-25 09:46:14,PLACED,EAST
ORD00341,CUST0574,2025-11-08 12:12:48,RETURNED,SOUTH
ORD00342,CUST0140,2024-02-15 06:29:15,CANCELLED,CENTRAL
ORD00343,CUST0044,2026-01-24 17:30:04,PLACED,NORTH
ORD00344,CUST0306,2024-04-08 18:29:50,DELIVERED,EAST
ORD00345,CUST0093,2025-09-08 13:19:11,DELIVERED,SOUTH
ORD00346,CUST0585,2026-02-16 02:37:00,DELIVERED,CENTRAL
ORD00347,CUST0538,2025-01-26 04:05:05,PLACED,CENTRAL
ORD00348,CUST0321,2025-05-26 12:40:06,DELIVERED,SOUTH
ORD00349,CUST0224,2024-08-12 03:04:13,SHIPPED,EAST
ORD00350,CUST0261,2026-07-04 17:26:33,DELIVERED,NORTH
ORD00351,CUST0434,2026-01-07 15:50:41,RETURNED,SOUTH
ORD00352,CUST0377,23-04-2025 17:27:45,RETURNED,CENTRAL
ORD00353,,2024-03-25 22:19:57,DELIVERED,SOUTH
ORD00354,CUST0394,2025-04-25 10:21:55,DELIVERED,NORTH
ORD00355,CUST0243,2025-11-18 05:58:18,RETURNED,WEST
ORD00356,CUST0262,2025-04-12 09:55:24,CANCELLED,SOUTH
ORD00357,CUST0165,2025-11-12 17:21:32,CANCELLED,WEST
ORD00358,CUST0281,2024-05-04 10:08:29,RETURNED,WEST
ORD00359,CUST0341,2025-10-18 02:56:44,CANCELLED,SOUTH
ORD00360,CUST0519,2024-04-13 02:20:59,DELIVERED,CENTRAL
ORD00361,CUST0465,2024-02-12 11:42:54,DELIVERED,SOUTH
ORD00362,CUST0140,2024-01-05 18:40:27,DELIVERED,EAST
ORD00363,CUST0114,2024-09-02 04:02:49,DELIVERED,SOUTH
ORD00364,CUST0421,2025-05-11 04:03:45,CANCELLED,SOUTH
ORD00365,CUST0336,2025-03-13 18:09:57,DELIVERED,SOUTH
ORD00366,CUST0387,2026-06-05 01:42:05,RETURNED,CENTRAL
ORD00367,CUST0235,2024-05-18 05:17:12,SHIPPED,SOUTH
ORD00368,,2025-10-28 06:40:35,PLACED,EAST
ORD00369,CUST0581,01-07-2024 07:08:40,DELIVERED,WEST
ORD00370,CUST0507,2024-07-03 02:27:38,SHIPPED,EAST
ORD00371,CUST0507,2025-08-16 12:43:59,CANCELLED,CENTRAL
ORD00372,CUST0290,2024-10-21 03:58:14,DELIVERED,SOUTH
ORD00373,,2025-02-10 16:35:29,DELIVERED,SOUTH
ORD00374,CUST0470,13-05-2024 04:34:10,PLACED,EAST
ORD00375,CUST0408,2024-11-25 16:02:52,DELIVERED,CENTRAL
ORD00376,CUST0098,2026-05-15 06:27:51,DELIVERED,SOUTH
ORD00377,CUST0363,2026-07-30 23:16:42,RETURNED,CENTRAL
ORD00378,CUST0047,2024-01-09 07:52:19,DELIVERED,EAST
ORD00379,CUST0380,2024-07-24 10:11:57,DELIVERED,CENTRAL
ORD00380,CUST0174,2026-02-21 13:02:20,DELIVERED,WEST
ORD00381,CUST0325,2026-04-03 23:37:57,SHIPPED,EAST
ORD00382,,2024-07-17 15:23:41,RETURNED,EAST
ORD00383,CUST0441,2025-03-15 12:13:38,SHIPPED,EAST
ORD00384,CUST0447,2024-09-13 07:02:33,RETURNED,SOUTH
ORD00385,CUST0451,2024-03-23 16:16:01,PLACED,SOUTH
ORD00386,,2025-02-08 05:51:09,DELIVERED,NORTH
ORD00387,CUST0507,2024-03-04 08:49:30,RETURNED,CENTRAL
ORD00388,CUST0505,2024-06-23 17:57:50,CANCELLED,NORTH
ORD00389,CUST0209,2025-03-17 08:37:44,SHIPPED,CENTRAL
ORD00390,CUST0577,2026-06-28 19:38:10,RETURNED,NORTH
ORD00391,CUST0585,2024-10-07 12:05:40,PLACED,WEST
ORD00392,CUST0337,2024-02-10 07:56:23,RETURNED,NORTH
ORD00393,CUST0109,2025-05-17 14:23:00,PLACED,WEST
ORD00394,CUST0276,2026-07-12 01:32:25,DELIVERED,NORTH
ORD00395,CUST0464,2025-05-19 17:43:35,RETURNED,CENTRAL
ORD00396,CUST0050,2025-03-15 13:17:24,PLACED,NORTH
ORD00397,CUST0391,2024-05-23 18:33:06,SHIPPED,WEST
ORD00398,CUST0214,2024-09-10 02:52:08,DELIVERED,SOUTH
ORD00399,CUST0503,2025-11-02 15:29:24,RETURNED,CENTRAL
ORD00400,CUST0099,2025-07-24 19:47:00,DELIVERED,WEST
ORD00401,CUST0577,2026-07-21 14:19:31,DELIVERED,EAST
ORD00402,CUST0445,2025-10-23 19:04:07,DELIVERED,WEST
ORD00403,CUST0159,2026-02-08 10:57:07,DELIVERED,NORTH
ORD00404,CUST0448,2024-05-03 00:09:39,DELIVERED,SOUTH
ORD00405,CUST0308,2025-01-21 06:28:28,SHIPPED,NORTH
ORD00406,CUST0047,2026-03-08 13:28:50,DELIVERED,NORTH
ORD00407,CUST0583,2025-01-28 14:42:12,DELIVERED,CENTRAL
ORD00408,,2025-12-20 01:22:40,SHIPPED,WEST
ORD00409,,2025-10-08 14:58:58,SHIPPED,CENTRAL
ORD00410,CUST0461,2025-02-15 18:41:22,RETURNED,SOUTH
ORD00411,CUST0081,2026-07-27 08:43:24,DELIVERED,WEST
ORD00412,CUST0006,2025-09-05 12:12:03,SHIPPED,WEST
ORD00413,CUST0415,2026-07-23 23:59:24,DELIVERED,CENTRAL
ORD00414,CUST0405,2025-04-15 03:51:29,PLACED,SOUTH
ORD00415,CUST0017,2024-10-19 09:23:28,SHIPPED,SOUTH
ORD00416,CUST0447,2026-04-16 15:48:44,DELIVERED,WEST
ORD00417,CUST0433,2024-02-03 21:23:25,RETURNED,WEST
ORD00418,CUST0483,2024-01-31 11:46:35,DELIVERED,SOUTH
ORD00419,CUST0402,2024-03-20 02:30:59,PLACED,WEST
ORD00420,CUST0508,2026-06-17 22:03:20,DELIVERED,EAST
ORD00421,,2025-09-12 21:09:51,DELIVERED,CENTRAL
ORD00422,CUST0500,2024-12-26 06:04:27,DELIVERED,WEST
ORD00423,CUST0567,2024-04-08 15:50:44,DELIVERED,WEST
ORD00424,CUST0356,2025-11-27 10:46:55,PLACED,EAST
ORD00425,CUST0481,2025-06-18 03:33:35,DELIVERED,CENTRAL
ORD00426,CUST0348,2026-07-24 07:55:11,DELIVERED,WEST
ORD00427,CUST0301,2025-08-29 10:05:39,CANCELLED,EAST
ORD00428,CUST0166,2024-11-17 21:17:46,DELIVERED,WEST
ORD00429,CUST0205,2024-08-30 19:48:42,PLACED,WEST
ORD00430,CUST0506,2025-04-16 16:57:47,DELIVERED,NORTH
ORD00431,CUST0268,2025-07-08 15:33:37,SHIPPED,CENTRAL
ORD00432,,2024-04-08 21:37:30,PLACED,SOUTH
ORD00433,CUST0230,2026-01-25 13:00:45,DELIVERED,EAST
ORD00434,CUST0571,2025-02-19 12:47:45,CANCELLED,CENTRAL
ORD00435,CUST0107,2024-03-19 07:52:11,DELIVERED,WEST
ORD00436,CUST0114,2024-06-13 11:56:04,DELIVERED,NORTH
ORD00437,CUST0043,2026-02-27 01:43:42,DELIVERED,SOUTH
ORD00438,CUST0161,2025-03-29 19:08:03,DELIVERED,WEST
ORD00439,CUST0102,2024-08-27 16:33:42,DELIVERED,SOUTH
ORD00440,CUST0207,2025-11-13 03:08:59,DELIVERED,NORTH
ORD00441,CUST0486,2025-06-14 05:20:04,SHIPPED,EAST
ORD00442,CUST0425,2025-07-14 05:45:38,SHIPPED,CENTRAL
ORD00443,CUST0234,2024-08-02 08:48:05,DELIVERED,WEST
ORD00444,CUST0529,2025-07-15 23:55:33,DELIVERED,NORTH
ORD00445,CUST0530,2024-04-18 02:10:29,DELIVERED,SOUTH
ORD00446,CUST0403,2024-02-27 14:57:16,DELIVERED,CENTRAL
ORD00447,CUST0533,2025-04-04 09:24:20,CANCELLED,CENTRAL
ORD00448,CUST0322,18-06-2025 15:06:59,SHIPPED,CENTRAL
ORD00449,CUST0151,2025-09-19 11:54:10,SHIPPED,CENTRAL
ORD00450,CUST0453,2025-06-20 07:52:32,DELIVERED,WEST
ORD00451,CUST0309,10-05-2024 22:13:14,DELIVERED,SOUTH
ORD00452,CUST0554,2025-03-17 01:35:52,DELIVERED,EAST
ORD00453,CUST0164,06-02-2024 09:13:33,DELIVERED,CENTRAL
ORD00454,CUST0312,2025-10-18 17:06:31,PLACED,NORTH
ORD00455,CUST0266,2026-02-27 08:56:53,PLACED,NORTH
ORD00456,CUST0587,2024-01-09 02:22:10,RETURNED,CENTRAL
ORD00457,CUST0547,2026-07-14 03:40:22,SHIPPED,CENTRAL
ORD00458,CUST0387,2026-03-18 06:34:36,PLACED,CENTRAL
ORD00459,CUST0370,2025-12-06 17:53:21,DELIVERED,WEST
ORD00460,CUST0064,2025-10-22 00:55:31,DELIVERED,WEST
ORD00461,CUST0539,2025-09-17 15:44:47,DELIVERED,WEST
ORD00462,CUST0599,2026-02-13 21:37:47,RETURNED,WEST
ORD00463,CUST0427,2024-09-09 23:13:07,PLACED,WEST
ORD00464,CUST0526,2026-04-01 23:48:37,SHIPPED,WEST
ORD00465,,2024-08-31 15:24:27,DELIVERED,NORTH
ORD00466,CUST0419,2024-06-20 09:37:49,DELIVERED,NORTH
ORD00467,CUST0121,2025-07-31 01:18:24,DELIVERED,EAST
ORD00468,CUST0147,2024-08-08 19:21:21,DELIVERED,EAST
ORD00469,CUST0221,2024-10-11 09:36:36,DELIVERED,NORTH
ORD00470,CUST0070,2024-03-10 09:53:00,DELIVERED,CENTRAL
ORD00471,CUST0346,2025-08-09 02:58:24,DELIVERED,CENTRAL
ORD00472,CUST0142,2026-02-23 02:57:38,DELIVERED,WEST
ORD00473,CUST0334,2024-05-18 17:54:13,DELIVERED,WEST
ORD00474,CUST0405,2025-06-10 14:45:25,RETURNED,WEST
ORD00475,CUST0091,2024-09-14 06:33:59,DELIVERED,EAST
ORD00476,CUST0127,2026-05-18 22:11:05,RETURNED,CENTRAL
ORD00477,CUST0055,2026-06-04 20:15:05,DELIVERED,CENTRAL
ORD00478,CUST0124,2026-04-06 05:09:25,PLACED,SOUTH
ORD00479,CUST0594,2025-11-21 02:04:30,DELIVERED,EAST
ORD00480,CUST0047,2026-02-02 11:26:34,PLACED,WEST
ORD00481,CUST0025,2026-03-31 01:36:14,SHIPPED,NORTH
ORD00482,CUST0555,2024-09-18 05:18:35,SHIPPED,NORTH
ORD00483,CUST0418,2024-09-19 19:53:58,RETURNED,SOUTH
ORD00484,,2024-03-31 21:06:16,PLACED,SOUTH
ORD00485,CUST0332,2025-02-04 16:29:14,CANCELLED,NORTH
ORD00486,CUST0246,2026-07-16 09:56:43,DELIVERED,CENTRAL
ORD00487,CUST0118,2025-02-22 07:46:00,DELIVERED,WEST
ORD00488,CUST0030,2025-09-25 00:28:10,RETURNED,NORTH
ORD00489,CUST0104,2025-01-17 15:19:46,DELIVERED,SOUTH
ORD00490,CUST0417,2025-11-23 19:25:25,DELIVERED,SOUTH
ORD00491,CUST0146,2025-08-02 21:49:38,SHIPPED,SOUTH
ORD00492,CUST0434,2026-05-12 09:34:33,PLACED,WEST
ORD00493,CUST0297,17-09-2024 00:26:28,RETURNED,WEST
ORD00494,CUST0257,2025-08-13 13:09:00,CANCELLED,SOUTH
ORD00495,CUST0523,13-03-2025 00:02:42,DELIVERED,CENTRAL
ORD00496,CUST0092,2025-09-06 02:02:05,CANCELLED,CENTRAL
ORD00497,CUST0443,2024-11-23 13:03:51,RETURNED,EAST
ORD00498,CUST0351,2025-02-10 00:13:36,DELIVERED,EAST
ORD00499,CUST0330,2025-06-14 16:52:56,RETURNED,EAST
ORD00500,,2024-07-26 17:39:25,PLACED,WEST
ORD00501,,2024-01-15 21:06:59,DELIVERED,WEST
ORD00502,CUST0552,2024-05-06 01:26:45,DELIVERED,NORTH
ORD00503,CUST0456,2024-07-10 17:16:00,CANCELLED,CENTRAL
ORD00504,CUST0182,2024-01-14 02:20:40,DELIVERED,SOUTH
ORD00505,CUST0227,2024-01-31 17:30:50,DELIVERED,EAST
ORD00506,CUST0311,2024-12-09 12:58:59,DELIVERED,EAST
ORD00507,,2026-02-04 14:19:39,DELIVERED,SOUTH
ORD00508,,2025-09-07 07:09:47,SHIPPED,CENTRAL
ORD00509,CUST0566,2024-10-28 00:16:43,DELIVERED,CENTRAL
ORD00510,CUST0067,2026-07-02 16:21:54,PLACED,EAST
ORD00511,CUST0234,2026-03-23 13:50:03,SHIPPED,NORTH
ORD00512,CUST0546,2025-01-27 21:34:51,CANCELLED,NORTH
ORD00513,CUST0054,2025-05-16 18:17:07,RETURNED,EAST
ORD00514,CUST0531,2025-12-25 19:36:50,DELIVERED,NORTH
ORD00515,CUST0230,2024-03-13 22:58:08,DELIVERED,WEST
ORD00516,CUST0402,2024-10-29 07:31:02,CANCELLED,NORTH
ORD00517,CUST0232,2025-10-20 09:09:51,RETURNED,SOUTH
ORD00518,CUST0319,2024-04-07 14:59:55,PLACED,WEST
ORD00519,CUST0025,2026-07-09 11:08:53,RETURNED,EAST
ORD00520,CUST0485,2025-01-05 06:40:31,CANCELLED,EAST
ORD00521,CUST0243,2024-04-23 06:18:46,DELIVERED,NORTH
ORD00522,CUST0593,2024-07-12 21:51:52,PLACED,NORTH
ORD00523,CUST0067,2024-07-17 02:52:44,CANCELLED,NORTH
ORD00524,CUST0443,2024-04-12 04:50:19,PLACED,NORTH
ORD00525,CUST0391,2025-09-15 23:49:48,DELIVERED,SOUTH
ORD00526,CUST0011,2025-12-05 08:23:47,DELIVERED,CENTRAL
ORD00527,CUST0348,2024-02-10 08:18:33,DELIVERED,SOUTH
ORD00528,CUST0013,2026-07-13 13:44:10,DELIVERED,SOUTH
ORD00529,CUST0130,2026-03-01 13:05:34,DELIVERED,CENTRAL
ORD00530,CUST0249,2024-08-01 20:48:37,PLACED,EAST
ORD00531,CUST0526,2025-07-09 17:38:58,CANCELLED,SOUTH
ORD00532,CUST0317,2026-07-26 05:45:13,DELIVERED,NORTH
ORD00533,CUST0149,2024-03-30 00:57:24,CANCELLED,CENTRAL
ORD00534,CUST0433,2025-06-18 02:23:36,SHIPPED,SOUTH
ORD00535,CUST0350,2024-10-21 03:41:14,DELIVERED,WEST
ORD00536,CUST0340,2026-06-17 12:42:56,DELIVERED,EAST
ORD00537,CUST0167,2024-06-11 21:00:46,DELIVERED,NORTH
ORD00538,CUST0004,2024-12-12 10:58:40,DELIVERED,SOUTH
ORD00539,CUST0340,2025-08-06 23:00:28,SHIPPED,NORTH
ORD00540,CUST0076,09-07-2025 22:58:55,PLACED,EAST
ORD00541,CUST0600,13-07-2025 02:23:20,PLACED,SOUTH
ORD00542,CUST0225,2025-02-11 00:01:30,DELIVERED,CENTRAL
ORD00543,CUST0201,2024-02-03 09:16:51,SHIPPED,NORTH
ORD00544,,2024-08-01 04:48:35,DELIVERED,NORTH
ORD00545,CUST0216,2025-04-18 21:55:21,DELIVERED,EAST
ORD00546,CUST0540,2025-11-04 18:10:52,PLACED,SOUTH
ORD00547,CUST0134,2024-10-21 14:20:01,DELIVERED,EAST
ORD00548,CUST0440,2025-01-14 21:28:16,DELIVERED,CENTRAL
ORD00549,CUST0549,2025-04-01 23:55:39,DELIVERED,NORTH
ORD00550,CUST0287,2024-07-15 10:42:56,RETURNED,WEST
ORD00551,CUST0084,2026-01-01 03:44:54,DELIVERED,SOUTH
ORD00552,CUST0522,2025-08-04 09:39:04,DELIVERED,EAST
ORD00553,CUST0539,2026-01-20 18:37:12,DELIVERED,EAST
ORD00554,CUST0598,2024-02-26 20:42:51,CANCELLED,WEST
ORD00555,CUST0406,2024-12-05 13:45:53,CANCELLED,CENTRAL
ORD00556,CUST0384,2025-01-30 09:32:16,PLACED,NORTH
ORD00557,CUST0532,2025-06-30 03:39:51,PLACED,CENTRAL
ORD00558,CUST0437,2025-12-01 20:08:09,DELIVERED,WEST
ORD00559,CUST0392,2024-02-08 09:33:40,SHIPPED,NORTH
ORD00560,CUST0085,2025-04-02 12:25:12,DELIVERED,NORTH
ORD00561,CUST0234,2024-06-01 20:57:27,DELIVERED,CENTRAL
ORD00562,CUST0202,2025-05-26 11:00:18,DELIVERED,EAST
ORD00563,CUST0142,2026-04-23 17:11:28,PLACED,EAST
ORD00564,CUST0355,2025-09-19 07:10:13,CANCELLED,NORTH
ORD00565,CUST0525,2024-08-19 21:36:15,SHIPPED,SOUTH
ORD00566,CUST0529,2026-06-30 21:04:54,DELIVERED,WEST
ORD00567,CUST0088,2025-05-01 08:16:32,DELIVERED,WEST
ORD00568,CUST0461,17-05-2026 12:24:23,PLACED,SOUTH
ORD00569,CUST0010,2026-02-15 09:54:08,CANCELLED,EAST
ORD00570,CUST0436,2025-09-18 14:40:32,DELIVERED,EAST
ORD00571,CUST0024,2026-05-31 16:49:12,RETURNED,SOUTH
ORD00572,CUST0339,2026-06-01 15:41:29,DELIVERED,CENTRAL
ORD00573,CUST0401,2025-08-15 08:35:11,DELIVERED,CENTRAL
ORD00574,CUST0487,2024-06-17 18:19:53,RETURNED,EAST
ORD00575,CUST0107,2026-05-08 21:51:31,CANCELLED,CENTRAL
ORD00576,CUST0192,2024-11-05 03:12:38,RETURNED,EAST
ORD00577,CUST0299,2026-03-25 14:53:19,PLACED,CENTRAL
ORD00578,,2025-05-22 14:56:44,DELIVERED,SOUTH
ORD00579,CUST0133,2026-04-13 08:25:05,DELIVERED,WEST
ORD00580,CUST0212,2024-07-20 20:13:35,DELIVERED,WEST
ORD00581,CUST0589,2025-04-27 01:20:04,DELIVERED,WEST
ORD00582,CUST0008,2024-08-09 15:56:34,CANCELLED,CENTRAL
ORD00583,CUST0539,2025-05-25 21:57:44,CANCELLED,WEST
ORD00584,CUST0041,2024-05-21 12:33:14,CANCELLED,WEST
ORD00585,CUST0305,2025-08-30 12:54:20,CANCELLED,SOUTH
ORD00586,CUST0184,2025-11-02 04:59:01,RETURNED,SOUTH
ORD00587,CUST0098,2025-09-03 08:39:23,PLACED,SOUTH
ORD00588,CUST0551,2025-03-29 10:25:57,PLACED,SOUTH
ORD00589,CUST0422,2026-05-08 18:46:07,DELIVERED,NORTH
ORD00590,CUST0334,2025-09-29 01:29:22,SHIPPED,CENTRAL
ORD00591,,2024-02-11 12:06:53,DELIVERED,WEST
ORD00592,CUST0409,2024-10-28 23:53:27,PLACED,NORTH
ORD00593,CUST0140,2025-05-23 03:33:29,DELIVERED,WEST
ORD00594,CUST0562,2025-01-11 09:21:37,DELIVERED,WEST
ORD00595,CUST0166,2024-09-22 00:01:20,DELIVERED,SOUTH
ORD00596,CUST0548,2025-08-30 03:55:32,DELIVERED,NORTH
ORD00597,CUST0158,2025-11-15 12:55:14,SHIPPED,NORTH
ORD00598,CUST0546,2024-12-01 19:16:16,PLACED,CENTRAL
ORD00599,CUST0106,2025-08-29 19:18:32,DELIVERED,CENTRAL
ORD00600,,2025-08-09 06:19:30,RETURNED,EAST
ORD00601,CUST0205,21-05-2024 23:07:59,PLACED,NORTH
ORD00602,CUST0197,2024-04-08 03:12:13,CANCELLED,SOUTH
ORD00603,CUST0046,2025-10-07 17:40:26,CANCELLED,EAST
ORD00604,CUST0195,2024-11-17 17:58:03,DELIVERED,WEST
ORD00605,CUST0219,2024-06-13 11:41:26,SHIPPED,WEST
ORD00606,CUST0013,2025-08-27 13:55:49,SHIPPED,EAST
ORD00607,CUST0378,2024-03-09 06:09:45,SHIPPED,EAST
ORD00608,CUST0512,2024-06-07 03:53:08,DELIVERED,CENTRAL
ORD00609,CUST0098,2026-07-20 20:40:05,DELIVERED,WEST
ORD00610,CUST0137,2025-05-30 19:35:33,DELIVERED,EAST
ORD00611,CUST0494,2024-04-14 21:05:06,DELIVERED,CENTRAL
ORD00612,CUST0524,2024-12-27 01:26:59,DELIVERED,NORTH
ORD00613,CUST0128,2025-04-24 18:42:41,DELIVERED,SOUTH
ORD00614,CUST0062,2024-08-01 16:26:24,SHIPPED,SOUTH
ORD00615,CUST0039,2025-01-04 19:40:04,DELIVERED,WEST
ORD00616,CUST0337,2024-07-27 13:50:13,DELIVERED,NORTH
ORD00617,CUST0425,2025-03-24 02:23:08,SHIPPED,EAST
ORD00618,CUST0211,2026-04-17 18:59:58,RETURNED,SOUTH
ORD00619,CUST0228,2025-08-15 14:49:33,SHIPPED,NORTH
ORD00620,CUST0504,2024-04-18 17:13:36,PLACED,SOUTH
ORD00621,CUST0129,2024-05-22 13:02:17,DELIVERED,SOUTH
ORD00622,CUST0081,2025-10-24 03:22:19,DELIVERED,SOUTH
ORD00623,CUST0181,2026-07-30 03:46:16,SHIPPED,WEST
ORD00624,CUST0207,2025-02-26 07:42:16,DELIVERED,EAST
ORD00625,CUST0172,2026-01-01 05:28:14,DELIVERED,WEST
ORD00626,CUST0494,2024-01-31 18:36:37,DELIVERED,NORTH
ORD00627,CUST0308,2026-07-13 14:02:38,DELIVERED,SOUTH
ORD00628,CUST0475,2025-04-20 02:48:47,DELIVERED,CENTRAL
ORD00629,CUST0342,2024-07-31 06:55:04,SHIPPED,SOUTH
ORD00630,,2026-02-16 19:26:30,DELIVERED,WEST
ORD00631,CUST0405,2025-08-02 15:51:00,DELIVERED,CENTRAL
ORD00632,CUST0040,2024-07-12 08:51:28,DELIVERED,SOUTH
ORD00633,CUST0262,2025-06-25 11:57:19,DELIVERED,EAST
ORD00634,CUST0395,2025-10-20 17:22:10,SHIPPED,NORTH
ORD00635,CUST0371,2024-02-13 21:27:46,DELIVERED,EAST
ORD00636,CUST0151,2025-01-30 00:32:42,DELIVERED,SOUTH
ORD00637,,2024-05-23 09:24:35,RETURNED,WEST
ORD00638,CUST0083,2026-03-16 12:27:43,CANCELLED,SOUTH
ORD00639,CUST0259,2025-04-14 11:33:43,DELIVERED,WEST
ORD00640,CUST0422,2024-05-18 01:26:31,DELIVERED,EAST
ORD00641,CUST0276,2024-11-21 11:40:43,DELIVERED,EAST
ORD00642,,2024-09-18 14:21:29,PLACED,NORTH
ORD00643,CUST0428,2026-03-26 12:00:05,SHIPPED,WEST
ORD00644,CUST0384,2024-10-16 13:29:49,SHIPPED,SOUTH
ORD00645,CUST0113,2025-12-01 01:51:06,SHIPPED,SOUTH
ORD00646,CUST0188,2024-10-25 01:59:06,RETURNED,WEST
ORD00647,CUST0112,2024-09-15 01:37:52,PLACED,NORTH
ORD00648,CUST0351,2024-02-16 02:03:10,DELIVERED,NORTH
ORD00649,,2025-02-17 08:12:33,PLACED,CENTRAL
ORD00650,CUST0043,2024-05-30 10:31:33,DELIVERED,WEST
ORD00651,CUST0273,2026-01-24 20:38:24,DELIVERED,WEST
ORD00652,CUST0352,2025-05-04 16:23:42,RETURNED,WEST
ORD00653,CUST0059,2025-07-07 01:43:54,CANCELLED,NORTH
ORD00654,CUST0412,03-08-2024 17:11:20,PLACED,CENTRAL
ORD00655,CUST0255,2025-07-26 08:03:43,DELIVERED,WEST
ORD00656,CUST0193,2024-01-05 20:39:41,RETURNED,EAST
ORD00657,,2025-07-13 13:26:18,RETURNED,EAST
ORD00658,CUST0240,2026-01-22 16:49:00,DELIVERED,NORTH
ORD00659,CUST0488,2024-06-05 01:15:38,SHIPPED,SOUTH
ORD00660,CUST0533,2026-06-07 09:42:08,DELIVERED,NORTH
ORD00661,CUST0090,2025-04-13 03:04:44,RETURNED,WEST
ORD00662,CUST0457,2024-06-28 16:48:44,DELIVERED,SOUTH
ORD00663,CUST0092,2024-06-12 20:11:40,DELIVERED,SOUTH
ORD00664,CUST0335,2025-08-18 17:32:11,SHIPPED,EAST
ORD00665,CUST0127,2024-07-29 21:21:59,DELIVERED,WEST
ORD00666,CUST0341,2024-12-13 16:06:01,DELIVERED,CENTRAL
ORD00667,CUST0352,2025-08-08 15:57:48,DELIVERED,WEST
ORD00668,CUST0576,2025-11-09 19:08:00,SHIPPED,NORTH
ORD00669,CUST0115,2024-05-18 11:21:31,DELIVERED,SOUTH
ORD00670,CUST0119,2026-06-08 20:59:10,CANCELLED,WEST
ORD00671,CUST0002,2025-04-27 19:25:24,DELIVERED,WEST
ORD00672,CUST0328,2025-07-21 01:04:30,RETURNED,SOUTH
ORD00673,CUST0228,2024-06-14 13:48:40,DELIVERED,WEST
ORD00674,CUST0304,2024-12-06 01:20:29,DELIVERED,CENTRAL
ORD00675,CUST0036,2026-07-19 07:52:34,DELIVERED,NORTH
ORD00676,CUST0588,2026-01-12 23:40:23,SHIPPED,EAST
ORD00677,CUST0386,2024-04-01 08:41:31,DELIVERED,SOUTH
ORD00678,CUST0231,2024-03-22 15:48:49,DELIVERED,WEST
ORD00679,CUST0307,2024-09-04 07:09:12,DELIVERED,EAST
ORD00680,CUST0485,2025-06-25 01:49:55,DELIVERED,CENTRAL
ORD00681,CUST0290,2024-10-30 01:33:48,DELIVERED,NORTH
ORD00682,CUST0595,2024-03-25 01:51:46,DELIVERED,WEST
ORD00683,CUST0592,2024-08-01 16:38:39,DELIVERED,SOUTH
ORD00684,CUST0201,2024-01-15 04:29:05,CANCELLED,NORTH
ORD00685,CUST0152,2025-08-07 23:01:02,DELIVERED,SOUTH
ORD00686,CUST0099,2025-07-06 09:07:36,SHIPPED,NORTH
ORD00687,CUST0528,2025-06-09 19:39:57,RETURNED,WEST
ORD00688,CUST0122,2025-01-09 03:44:27,DELIVERED,CENTRAL
ORD00689,CUST0385,2024-05-19 04:56:44,CANCELLED,WEST
ORD00690,CUST0456,24-07-2025 14:47:46,PLACED,NORTH
ORD00691,CUST0522,15-12-2024 10:11:10,DELIVERED,CENTRAL
ORD00692,CUST0097,2026-07-10 00:07:53,DELIVERED,WEST
ORD00693,CUST0129,2024-06-03 11:26:19,DELIVERED,CENTRAL
ORD00694,CUST0021,2025-09-03 17:47:57,DELIVERED,CENTRAL
ORD00695,CUST0532,2026-06-27 07:59:56,CANCELLED,NORTH
ORD00696,CUST0213,2024-07-01 06:13:58,DELIVERED,SOUTH
ORD00697,,2025-11-25 18:03:00,PLACED,SOUTH
ORD00698,CUST0166,2024-05-16 10:12:05,CANCELLED,NORTH
ORD00699,CUST0128,2026-02-25 06:34:36,RETURNED,SOUTH
ORD00700,CUST0001,2025-01-20 18:40:39,RETURNED,CENTRAL
ORD00701,CUST0301,2026-04-09 16:46:50,DELIVERED,EAST
ORD00702,CUST0361,2026-07-30 15:44:06,SHIPPED,NORTH
ORD00703,CUST0046,03-01-2025 07:44:31,PLACED,SOUTH
ORD00704,CUST0566,2024-12-01 14:33:13,SHIPPED,CENTRAL
ORD00705,CUST0564,2025-01-31 01:52:21,DELIVERED,SOUTH
ORD00706,CUST0086,2025-01-29 20:29:40,RETURNED,SOUTH
ORD00707,CUST0073,2025-02-22 11:56:53,DELIVERED,SOUTH
ORD00708,CUST0578,2026-03-05 11:23:49,DELIVERED,SOUTH
ORD00709,CUST0445,11-08-2025 15:58:41,DELIVERED,NORTH
ORD00710,CUST0545,2024-06-19 20:43:45,DELIVERED,EAST
ORD00711,CUST0372,2025-06-02 02:25:40,PLACED,SOUTH
ORD00712,CUST0101,2025-08-08 21:23:38,SHIPPED,NORTH
ORD00713,CUST0127,2024-09-29 23:44:25,CANCELLED,CENTRAL
ORD00714,CUST0502,2024-05-28 10:00:36,DELIVERED,EAST
ORD00715,CUST0102,2024-03-15 12:12:03,RETURNED,WEST
ORD00716,CUST0545,2026-05-06 23:48:41,CANCELLED,WEST
ORD00717,CUST0266,2024-01-15 18:05:28,DELIVERED,SOUTH
ORD00718,CUST0582,2025-02-19 08:16:21,DELIVERED,EAST
ORD00719,CUST0256,2025-10-11 17:15:25,SHIPPED,EAST
ORD00720,CUST0515,2025-03-21 13:24:43,DELIVERED,SOUTH
ORD00721,CUST0090,2025-04-19 19:53:12,DELIVERED,NORTH
ORD00722,CUST0079,2025-01-07 21:13:05,SHIPPED,NORTH
ORD00723,CUST0293,2026-05-10 20:34:25,CANCELLED,NORTH
ORD00724,CUST0435,2026-03-01 05:03:10,PLACED,WEST
ORD00725,CUST0546,2024-07-12 16:50:21,DELIVERED,NORTH
ORD00726,CUST0548,2025-06-20 00:47:33,DELIVERED,CENTRAL
ORD00727,CUST0044,2025-11-27 22:57:37,DELIVERED,CENTRAL
ORD00728,CUST0180,2024-04-26 16:45:54,PLACED,EAST
ORD00729,CUST0433,2026-02-08 17:52:19,DELIVERED,NORTH
ORD00730,CUST0256,2026-04-17 11:50:10,CANCELLED,EAST
ORD00731,CUST0301,2025-02-15 06:37:29,DELIVERED,CENTRAL
ORD00732,CUST0313,2026-03-11 20:18:52,PLACED,WEST
ORD00733,CUST0500,2024-03-30 07:38:00,DELIVERED,EAST
ORD00734,CUST0110,2024-01-09 00:10:13,DELIVERED,WEST
ORD00735,CUST0104,2025-10-31 05:31:49,PLACED,CENTRAL
ORD00736,CUST0421,2024-07-11 09:11:18,PLACED,EAST
ORD00737,CUST0405,2025-08-04 11:16:06,DELIVERED,SOUTH
ORD00738,CUST0276,2024-06-17 20:26:34,DELIVERED,WEST
ORD00739,CUST0363,05-11-2025 03:12:26,CANCELLED,SOUTH
ORD00740,CUST0292,2024-03-03 12:51:50,DELIVERED,EAST
ORD00741,CUST0165,2024-11-05 02:57:23,RETURNED,EAST
ORD00742,CUST0501,2026-05-04 14:05:49,DELIVERED,SOUTH
ORD00743,CUST0410,2026-02-18 14:38:38,DELIVERED,WEST
ORD00744,CUST0111,2024-02-02 20:36:41,DELIVERED,NORTH
ORD00745,CUST0243,2024-03-21 20:11:08,DELIVERED,CENTRAL
ORD00746,CUST0445,2026-01-15 22:53:35,DELIVERED,WEST
ORD00747,CUST0157,2026-03-05 04:24:09,SHIPPED,NORTH
ORD00748,CUST0254,2025-10-28 16:12:16,DELIVERED,NORTH
ORD00749,CUST0515,2024-10-08 11:11:15,CANCELLED,SOUTH
ORD00750,CUST0136,15-09-2025 08:55:14,RETURNED,SOUTH
ORD00751,CUST0205,2024-05-21 06:19:06,DELIVERED,CENTRAL
ORD00752,CUST0237,2024-12-10 12:22:48,DELIVERED,CENTRAL
ORD00753,CUST0053,2025-04-17 16:45:11,DELIVERED,EAST
ORD00754,CUST0253,2025-05-11 20:31:56,SHIPPED,NORTH
ORD00755,CUST0330,2024-11-25 07:05:45,SHIPPED,CENTRAL
ORD00756,CUST0190,2025-01-26 21:02:52,DELIVERED,EAST
ORD00757,CUST0014,2026-05-07 03:24:37,PLACED,EAST
ORD00758,CUST0371,2026-07-03 20:11:46,DELIVERED,EAST
ORD00759,CUST0394,2024-05-15 12:12:49,PLACED,CENTRAL
ORD00760,CUST0196,2024-10-26 16:51:31,RETURNED,NORTH
ORD00761,CUST0352,2025-04-13 07:51:19,RETURNED,SOUTH
ORD00762,CUST0158,2024-03-09 01:23:47,DELIVERED,EAST
ORD00763,CUST0574,2025-06-23 13:45:22,DELIVERED,NORTH
ORD00764,CUST0070,2026-01-20 00:51:26,RETURNED,CENTRAL
ORD00765,CUST0171,2026-07-19 18:04:03,RETURNED,EAST
ORD00766,,2026-05-29 12:31:31,RETURNED,SOUTH
ORD00767,CUST0408,2026-02-07 23:54:11,CANCELLED,NORTH
ORD00768,CUST0522,2025-08-19 18:09:56,DELIVERED,CENTRAL
ORD00769,CUST0189,2024-01-06 14:14:17,SHIPPED,NORTH
ORD00770,CUST0526,2025-12-08 12:04:14,DELIVERED,EAST
ORD00771,CUST0226,2025-04-05 09:14:20,DELIVERED,SOUTH
ORD00772,CUST0547,2025-01-05 01:21:54,DELIVERED,EAST
ORD00773,CUST0277,2024-03-21 00:48:13,SHIPPED,SOUTH
ORD00774,CUST0002,2025-06-23 18:19:06,RETURNED,EAST
ORD00775,CUST0563,2025-02-14 04:03:24,DELIVERED,CENTRAL
ORD00776,CUST0059,2024-01-17 04:02:43,SHIPPED,EAST
ORD00777,CUST0017,2026-04-14 19:18:09,CANCELLED,CENTRAL
ORD00778,CUST0392,2025-02-03 18:31:23,DELIVERED,CENTRAL
ORD00779,CUST0453,2024-12-08 18:01:10,SHIPPED,WEST
ORD00780,CUST0238,2025-11-05 01:05:50,RETURNED,NORTH
ORD00781,CUST0471,2024-10-14 10:20:40,SHIPPED,CENTRAL
ORD00782,CUST0185,14-03-2025 03:22:18,SHIPPED,SOUTH
ORD00783,CUST0193,2024-04-17 21:26:14,DELIVERED,WEST
ORD00784,CUST0413,2024-06-04 16:59:12,PLACED,NORTH
ORD00785,CUST0387,19-08-2025 12:12:19,CANCELLED,NORTH
ORD00786,CUST0086,2025-02-19 18:57:24,DELIVERED,NORTH
ORD00787,CUST0010,2024-06-14 04:36:11,CANCELLED,NORTH
ORD00788,CUST0492,2026-05-24 08:36:53,CANCELLED,EAST
ORD00789,CUST0159,2025-01-13 17:51:11,DELIVERED,CENTRAL
ORD00790,CUST0046,2024-06-08 17:13:57,PLACED,WEST
ORD00791,CUST0230,2024-02-07 06:49:02,DELIVERED,EAST
ORD00792,CUST0232,2025-08-20 16:17:19,DELIVERED,NORTH
ORD00793,CUST0113,2024-12-14 18:48:14,RETURNED,EAST
ORD00794,CUST0342,2024-07-02 20:26:38,RETURNED,NORTH
ORD00795,CUST0155,2024-10-03 14:50:52,DELIVERED,SOUTH
ORD00796,CUST0154,2025-04-13 11:06:43,SHIPPED,NORTH
ORD00797,CUST0512,2025-07-27 09:30:40,CANCELLED,NORTH
ORD00798,CUST0153,2024-08-15 17:14:14,DELIVERED,WEST
ORD00799,CUST0116,2026-06-16 15:32:38,DELIVERED,SOUTH
ORD00800,CUST0131,2024-10-09 12:41:31,DELIVERED,WEST
ORD00801,CUST0424,2026-07-23 18:36:33,DELIVERED,SOUTH
ORD00802,CUST0563,2026-02-11 05:19:00,DELIVERED,CENTRAL
ORD00803,CUST0394,2024-05-09 21:29:40,DELIVERED,CENTRAL
ORD00804,CUST0225,2024-05-15 12:55:26,PLACED,NORTH
ORD00805,CUST0486,2024-07-26 12:41:45,PLACED,EAST
ORD00806,CUST0143,2025-04-02 19:06:40,CANCELLED,CENTRAL
ORD00807,CUST0432,2025-01-11 16:57:31,SHIPPED,SOUTH
ORD00808,CUST0147,2025-08-09 08:45:28,DELIVERED,WEST
ORD00809,CUST0109,2026-06-22 11:53:00,CANCELLED,SOUTH
ORD00810,,2025-07-21 09:17:29,SHIPPED,NORTH
ORD00811,CUST0427,2024-08-20 13:51:45,DELIVERED,SOUTH
ORD00812,CUST0307,2025-12-31 09:44:55,DELIVERED,NORTH
ORD00813,CUST0160,2024-04-03 04:59:30,PLACED,SOUTH
ORD00814,CUST0012,2025-09-07 18:30:57,DELIVERED,WEST
ORD00815,CUST0265,2026-06-07 16:08:02,DELIVERED,WEST
ORD00816,CUST0279,2024-05-22 19:38:31,RETURNED,SOUTH
ORD00817,CUST0411,2024-03-27 23:42:46,SHIPPED,CENTRAL
ORD00818,CUST0080,2025-12-28 16:33:48,DELIVERED,WEST
ORD00819,CUST0169,2024-03-25 22:18:25,DELIVERED,SOUTH
ORD00820,CUST0107,2024-04-30 20:54:50,DELIVERED,EAST
ORD00821,,2025-03-14 09:26:13,PLACED,SOUTH
ORD00822,CUST0317,2024-10-18 15:35:47,DELIVERED,NORTH
ORD00823,CUST0088,2026-06-04 15:43:03,DELIVERED,WEST
ORD00824,,2025-05-03 16:24:12,DELIVERED,EAST
ORD00825,CUST0408,2026-02-16 01:24:26,DELIVERED,EAST
ORD00826,CUST0100,2025-05-29 16:26:14,DELIVERED,NORTH
ORD00827,CUST0154,2024-02-06 19:03:08,DELIVERED,CENTRAL
ORD00828,CUST0039,2025-03-26 16:26:04,DELIVERED,NORTH
ORD00829,CUST0096,2024-12-25 17:33:29,CANCELLED,SOUTH
ORD00830,CUST0165,2026-02-18 05:44:45,DELIVERED,CENTRAL
ORD00831,CUST0350,2025-11-26 03:16:16,DELIVERED,EAST
ORD00832,CUST0442,2024-03-03 03:47:20,DELIVERED,WEST
ORD00833,CUST0077,2024-08-24 17:56:10,RETURNED,NORTH
ORD00834,CUST0147,2025-04-25 20:34:25,RETURNED,NORTH
ORD00835,CUST0466,2025-05-02 08:16:51,SHIPPED,NORTH
ORD00836,CUST0373,2025-07-02 22:31:54,SHIPPED,WEST
ORD00837,CUST0485,2025-02-01 17:21:08,DELIVERED,SOUTH
ORD00838,CUST0583,28-01-2026 11:36:53,CANCELLED,WEST
ORD00839,CUST0133,2025-11-15 19:14:49,CANCELLED,EAST
ORD00840,CUST0424,2026-02-24 22:54:03,CANCELLED,NORTH
ORD00841,CUST0059,2025-01-15 07:25:52,DELIVERED,SOUTH
ORD00842,CUST0298,2025-08-06 19:38:53,DELIVERED,NORTH
ORD00843,CUST0474,2024-05-25 06:02:56,DELIVERED,CENTRAL
ORD00844,CUST0477,2024-06-18 12:15:11,DELIVERED,WEST
ORD00845,CUST0205,2025-09-15 17:46:05,DELIVERED,CENTRAL
ORD00846,CUST0488,2024-06-26 14:23:54,PLACED,SOUTH
ORD00847,CUST0150,2024-11-27 14:44:37,PLACED,CENTRAL
ORD00848,CUST0064,2025-07-15 13:25:36,RETURNED,SOUTH
ORD00849,CUST0024,2025-10-18 23:36:48,DELIVERED,NORTH
ORD00850,CUST0281,2025-09-21 06:02:51,CANCELLED,WEST
ORD00851,CUST0538,2024-11-28 14:24:33,SHIPPED,NORTH
ORD00852,CUST0439,2025-06-15 07:23:52,SHIPPED,SOUTH
ORD00853,CUST0430,2026-01-18 04:17:27,DELIVERED,SOUTH
ORD00854,CUST0448,2025-07-04 23:53:24,DELIVERED,NORTH
ORD00855,CUST0204,2024-04-30 20:55:08,DELIVERED,SOUTH
ORD00856,CUST0325,2024-01-23 00:55:17,DELIVERED,SOUTH
ORD00857,CUST0325,2024-06-25 11:34:16,DELIVERED,EAST
ORD00858,CUST0004,2025-11-30 22:03:20,CANCELLED,WEST
ORD00859,CUST0593,31-05-2024 09:03:08,DELIVERED,SOUTH
ORD00860,CUST0560,2024-09-15 00:41:42,SHIPPED,SOUTH
ORD00861,CUST0591,2024-01-23 07:47:25,DELIVERED,EAST
ORD00862,CUST0515,2024-07-12 18:50:37,DELIVERED,WEST
ORD00863,CUST0361,2025-07-01 03:23:09,DELIVERED,EAST
ORD00864,CUST0181,2025-12-13 18:10:56,SHIPPED,CENTRAL
ORD00865,CUST0447,2025-08-15 17:42:42,DELIVERED,WEST
ORD00866,CUST0102,2024-05-16 02:43:01,PLACED,NORTH
ORD00867,CUST0422,2024-06-10 01:17:43,DELIVERED,CENTRAL
ORD00868,CUST0455,2026-02-20 22:40:39,PLACED,EAST
ORD00869,CUST0217,2024-12-12 05:32:42,DELIVERED,NORTH
ORD00870,CUST0481,2024-07-12 07:28:49,DELIVERED,WEST
ORD00871,CUST0406,2024-01-12 19:32:23,DELIVERED,CENTRAL
ORD00872,CUST0271,2025-04-22 12:34:44,DELIVERED,WEST
ORD00873,CUST0005,05-10-2025 23:47:33,PLACED,EAST
ORD00874,CUST0532,2026-07-20 23:35:45,SHIPPED,CENTRAL
ORD00875,CUST0248,2026-05-13 07:28:23,SHIPPED,WEST
ORD00876,CUST0592,2025-10-28 14:05:55,DELIVERED,SOUTH
ORD00877,CUST0326,2026-03-14 13:29:14,SHIPPED,SOUTH
ORD00878,CUST0591,2025-08-31 23:16:23,DELIVERED,EAST
ORD00879,CUST0163,2025-05-15 20:06:57,PLACED,WEST
ORD00880,,2026-07-10 15:23:13,DELIVERED,CENTRAL
ORD00881,CUST0081,2026-06-07 06:01:09,DELIVERED,SOUTH
ORD00882,CUST0367,2024-10-16 19:16:51,CANCELLED,EAST
ORD00883,CUST0252,2025-08-10 08:50:56,DELIVERED,EAST
ORD00884,CUST0148,2024-02-05 22:45:08,DELIVERED,NORTH
ORD00885,CUST0126,2024-06-15 08:06:25,SHIPPED,SOUTH
ORD00886,CUST0507,2025-07-15 09:52:06,SHIPPED,NORTH
ORD00887,CUST0023,2025-10-04 17:32:11,RETURNED,NORTH
ORD00888,CUST0430,2025-08-05 22:29:48,DELIVERED,WEST
ORD00889,CUST0185,09-04-2025 02:23:35,SHIPPED,CENTRAL
ORD00890,CUST0033,2024-07-01 01:47:55,RETURNED,WEST
ORD00891,CUST0560,2024-01-08 18:57:22,DELIVERED,NORTH
ORD00892,CUST0031,12-04-2026 13:49:12,DELIVERED,SOUTH
ORD00893,CUST0374,2024-06-27 07:37:25,PLACED,SOUTH
ORD00894,CUST0130,2025-02-19 16:29:53,SHIPPED,NORTH
ORD00895,CUST0565,2025-04-02 05:04:39,CANCELLED,WEST
ORD00896,CUST0410,2024-10-26 21:35:01,SHIPPED,EAST
ORD00897,CUST0106,2026-06-25 15:59:02,DELIVERED,SOUTH
ORD00898,CUST0500,2025-11-04 08:59:42,DELIVERED,EAST
ORD00899,CUST0111,2025-08-18 00:59:03,DELIVERED,EAST
ORD00900,CUST0066,2025-11-29 02:58:21,PLACED,CENTRAL
ORD00901,CUST0420,2025-03-31 21:29:12,CANCELLED,CENTRAL
ORD00902,CUST0031,2024-06-27 02:27:36,DELIVERED,SOUTH
ORD00903,CUST0075,2024-11-30 06:38:49,DELIVERED,EAST
ORD00904,CUST0327,2024-01-17 22:25:10,SHIPPED,CENTRAL
ORD00905,CUST0239,2026-05-22 11:28:43,SHIPPED,SOUTH
ORD00906,CUST0106,2026-05-21 10:03:22,DELIVERED,NORTH
ORD00907,CUST0432,2025-11-07 01:38:22,DELIVERED,SOUTH
ORD00908,,2026-02-06 07:12:14,RETURNED,WEST
ORD00909,CUST0464,2024-09-22 20:33:05,DELIVERED,SOUTH
ORD00910,CUST0292,2024-01-28 16:59:07,CANCELLED,NORTH
ORD00911,CUST0292,2024-07-22 14:11:53,DELIVERED,CENTRAL
ORD00912,CUST0041,2025-06-08 02:48:21,PLACED,NORTH
ORD00913,CUST0426,2025-04-12 14:01:44,DELIVERED,WEST
ORD00914,CUST0321,2026-02-06 02:53:30,DELIVERED,WEST
ORD00915,CUST0125,2025-08-03 20:13:44,PLACED,SOUTH
ORD00916,,2024-01-17 03:35:31,RETURNED,WEST
ORD00917,CUST0091,2024-10-23 22:56:59,CANCELLED,CENTRAL
ORD00918,CUST0054,2025-02-07 09:51:31,PLACED,NORTH
ORD00919,CUST0077,2025-02-13 16:27:36,DELIVERED,WEST
ORD00920,CUST0175,2024-08-02 00:11:20,PLACED,EAST
ORD00921,CUST0599,2025-10-04 00:42:50,DELIVERED,CENTRAL
ORD00922,CUST0592,2026-01-12 10:24:11,RETURNED,EAST
ORD00923,CUST0495,2024-12-16 19:34:19,DELIVERED,NORTH
ORD00924,CUST0249,2024-11-15 20:10:53,PLACED,WEST
ORD00925,CUST0014,2024-12-01 18:06:51,DELIVERED,WEST
ORD00926,CUST0214,2026-07-06 08:17:48,DELIVERED,EAST
ORD00927,CUST0320,2025-12-06 07:09:56,CANCELLED,NORTH
ORD00928,CUST0225,2025-07-18 21:37:22,DELIVERED,CENTRAL
ORD00929,CUST0410,2024-10-18 23:24:48,DELIVERED,EAST
ORD00930,CUST0592,2024-06-07 13:14:05,CANCELLED,NORTH
ORD00931,CUST0472,2024-10-17 12:58:30,DELIVERED,CENTRAL
ORD00932,CUST0272,2024-07-02 19:31:12,PLACED,WEST
ORD00933,CUST0407,2026-02-19 03:00:53,DELIVERED,WEST
ORD00934,CUST0101,2024-03-17 07:51:47,DELIVERED,WEST
ORD00935,CUST0194,2025-09-17 13:26:59,SHIPPED,CENTRAL
ORD00936,CUST0444,2024-06-18 14:41:43,DELIVERED,NORTH
ORD00937,CUST0055,2024-02-25 10:32:36,SHIPPED,CENTRAL
ORD00938,CUST0232,2025-09-20 11:04:03,PLACED,EAST
ORD00939,CUST0176,2024-11-12 05:50:38,SHIPPED,CENTRAL
ORD00940,CUST0004,2024-05-26 09:37:03,RETURNED,CENTRAL
ORD00941,CUST0313,2025-01-05 16:22:45,DELIVERED,SOUTH
ORD00942,CUST0467,2024-08-08 07:56:30,DELIVERED,WEST
ORD00943,CUST0182,2025-02-13 20:22:36,SHIPPED,NORTH
ORD00944,CUST0486,24-06-2026 21:44:17,CANCELLED,WEST
ORD00945,CUST0018,2026-05-31 05:14:11,SHIPPED,SOUTH
ORD00946,CUST0172,2024-08-15 17:00:31,PLACED,EAST
ORD00947,CUST0360,2026-04-27 17:43:57,DELIVERED,EAST
ORD00948,CUST0362,2025-04-12 19:05:25,CANCELLED,CENTRAL
ORD00949,CUST0277,2026-03-17 17:14:20,PLACED,WEST
ORD00950,CUST0146,2025-07-08 21:10:21,SHIPPED,WEST
ORD00951,CUST0092,2024-10-28 02:57:27,DELIVERED,NORTH
ORD00952,CUST0558,2025-11-28 21:58:30,CANCELLED,SOUTH
ORD00953,CUST0358,2025-05-29 11:52:10,DELIVERED,EAST
ORD00954,CUST0043,2026-06-19 05:57:12,DELIVERED,CENTRAL
ORD00955,CUST0466,2026-05-30 06:42:23,DELIVERED,EAST
ORD00956,CUST0009,2026-02-14 01:20:50,PLACED,SOUTH
ORD00957,CUST0297,2026-05-17 00:59:56,DELIVERED,EAST
ORD00958,CUST0302,2024-01-25 05:19:36,SHIPPED,CENTRAL
ORD00959,CUST0501,20-04-2025 01:51:07,DELIVERED,NORTH
ORD00960,,2024-08-01 22:31:42,SHIPPED,CENTRAL
ORD00961,CUST0575,2024-08-28 20:11:55,DELIVERED,SOUTH
ORD00962,CUST0202,2025-11-02 04:01:14,PLACED,SOUTH
ORD00963,,2025-07-04 21:38:53,DELIVERED,WEST
ORD00964,CUST0101,2025-02-09 20:30:45,DELIVERED,SOUTH
ORD00965,CUST0331,2026-06-17 03:38:37,DELIVERED,EAST
ORD00966,CUST0568,2024-11-05 22:45:47,PLACED,CENTRAL
ORD00967,CUST0473,2026-04-27 22:02:33,DELIVERED,WEST
ORD00968,CUST0540,2025-11-17 11:16:32,DELIVERED,EAST
ORD00969,CUST0438,2025-12-25 18:20:24,DELIVERED,NORTH
ORD00970,CUST0028,2025-10-15 20:59:01,PLACED,EAST
ORD00971,CUST0595,2026-03-06 16:27:12,DELIVERED,CENTRAL
ORD00972,CUST0055,2025-09-01 23:24:02,DELIVERED,WEST
ORD00973,CUST0531,2025-12-15 22:16:23,PLACED,EAST
ORD00974,CUST0110,2025-06-02 01:09:51,CANCELLED,CENTRAL
ORD00975,CUST0340,2024-04-04 13:12:11,DELIVERED,CENTRAL
ORD00976,CUST0055,2024-11-14 13:21:24,DELIVERED,WEST
ORD00977,CUST0159,2025-04-12 10:04:28,DELIVERED,NORTH
ORD00978,CUST0206,2024-06-27 04:39:23,SHIPPED,NORTH
ORD00979,CUST0254,2024-11-13 08:37:10,PLACED,CENTRAL
ORD00980,CUST0057,2024-07-08 05:27:31,DELIVERED,SOUTH
ORD00981,CUST0560,2025-02-08 07:37:32,DELIVERED,CENTRAL
ORD00982,CUST0150,2024-02-03 15:27:51,CANCELLED,SOUTH
ORD00983,CUST0560,2024-11-07 05:37:41,SHIPPED,NORTH
ORD00984,CUST0505,2025-07-24 15:24:20,DELIVERED,NORTH
ORD00985,CUST0436,18-08-2024 04:02:55,DELIVERED,CENTRAL
ORD00986,CUST0595,15-04-2025 07:46:10,DELIVERED,CENTRAL
ORD00987,CUST0364,2024-08-04 09:36:42,DELIVERED,EAST
ORD00988,,2024-09-02 22:23:36,CANCELLED,CENTRAL
ORD00989,CUST0538,2025-08-29 19:31:49,SHIPPED,SOUTH
ORD00990,CUST0577,2025-06-11 01:41:17,CANCELLED,SOUTH
ORD00991,CUST0311,2025-09-03 22:43:39,CANCELLED,WEST
ORD00992,CUST0484,2026-07-30 03:25:09,DELIVERED,CENTRAL
ORD00993,CUST0539,2025-02-06 16:38:47,DELIVERED,CENTRAL
ORD00994,CUST0414,14-04-2024 23:11:28,CANCELLED,SOUTH
ORD00995,CUST0109,2026-02-14 20:14:43,DELIVERED,SOUTH
ORD00996,CUST0243,2024-06-12 18:46:57,SHIPPED,WEST
ORD00997,CUST0431,2024-04-09 23:53:02,SHIPPED,NORTH
ORD00998,CUST0075,2025-11-16 21:22:25,DELIVERED,NORTH
ORD00999,CUST0329,2024-06-16 05:53:35,DELIVERED,CENTRAL
ORD01000,CUST0201,2025-01-27 05:41:37,DELIVERED,SOUTH
ORD01001,CUST0166,2025-11-05 07:02:30,CANCELLED,SOUTH
ORD01002,CUST0025,2024-05-29 10:49:26,CANCELLED,NORTH
ORD01003,CUST0418,2026-06-01 19:34:27,PLACED,SOUTH
ORD01004,CUST0541,2026-02-09 18:45:44,SHIPPED,WEST
ORD01005,CUST0366,2026-05-17 21:44:43,CANCELLED,WEST
ORD01006,CUST0386,2024-04-20 02:08:10,PLACED,CENTRAL
ORD01007,CUST0121,2026-02-13 17:20:24,DELIVERED,EAST
ORD01008,,2025-03-26 08:07:26,SHIPPED,EAST
ORD01009,CUST0162,2025-03-23 11:59:26,DELIVERED,CENTRAL
ORD01010,CUST0513,2025-04-30 01:07:32,PLACED,NORTH
ORD01011,CUST0270,16-02-2024 13:39:43,DELIVERED,SOUTH
ORD01012,CUST0061,2024-08-04 09:03:23,CANCELLED,EAST
ORD01013,CUST0064,2025-01-01 00:26:45,CANCELLED,CENTRAL
ORD01014,CUST0037,2025-06-21 06:03:26,RETURNED,CENTRAL
ORD01015,CUST0083,2026-05-06 14:37:24,PLACED,NORTH
ORD01016,CUST0509,2026-02-27 12:51:31,DELIVERED,WEST
ORD01017,CUST0234,2024-02-03 07:27:45,PLACED,SOUTH
ORD01018,CUST0389,2024-01-29 02:37:31,PLACED,WEST
ORD01019,CUST0441,2025-10-25 01:30:33,PLACED,NORTH
ORD01020,CUST0377,2025-06-30 11:38:53,DELIVERED,NORTH
ORD01021,CUST0095,03-07-2026 09:15:00,DELIVERED,CENTRAL
ORD01022,CUST0016,2025-01-23 05:46:56,PLACED,SOUTH
ORD01023,CUST0290,2024-03-08 21:58:42,DELIVERED,SOUTH
ORD01024,CUST0133,2026-07-30 13:56:05,DELIVERED,NORTH
ORD01025,CUST0557,2024-11-15 19:03:10,DELIVERED,EAST
ORD01026,CUST0226,2025-11-20 00:26:17,RETURNED,CENTRAL
ORD01027,CUST0251,2026-03-29 10:10:29,DELIVERED,CENTRAL
ORD01028,CUST0056,2025-06-22 11:30:22,DELIVERED,CENTRAL
ORD01029,CUST0081,2024-11-12 05:04:40,CANCELLED,CENTRAL
ORD01030,CUST0567,2024-11-23 10:03:41,DELIVERED,SOUTH
ORD01031,,2024-12-31 05:21:31,DELIVERED,WEST
ORD01032,CUST0022,2026-02-14 00:37:09,SHIPPED,CENTRAL
ORD01033,CUST0087,2024-04-02 18:31:28,DELIVERED,WEST
ORD01034,,2025-08-17 07:55:16,PLACED,SOUTH
ORD01035,CUST0442,2026-04-07 04:44:18,DELIVERED,CENTRAL
ORD01036,CUST0027,2025-06-06 07:07:35,RETURNED,CENTRAL
ORD01037,CUST0029,2025-06-13 15:19:40,DELIVERED,WEST
ORD01038,CUST0059,2024-06-18 15:39:05,RETURNED,EAST
ORD01039,CUST0548,2025-12-21 00:37:37,DELIVERED,CENTRAL
ORD01040,CUST0391,2025-12-26 23:25:02,RETURNED,SOUTH
ORD01041,CUST0288,2025-03-02 06:06:21,SHIPPED,CENTRAL
ORD01042,CUST0585,04-09-2025 23:47:57,SHIPPED,EAST
ORD01043,CUST0013,2024-07-12 02:28:44,DELIVERED,EAST
ORD01044,CUST0455,19-12-2025 19:36:40,PLACED,NORTH
ORD01045,CUST0492,2026-05-14 15:51:56,PLACED,NORTH
ORD01046,CUST0565,2025-05-02 19:45:27,DELIVERED,EAST
ORD01047,CUST0283,2025-02-07 04:22:56,PLACED,SOUTH
ORD01048,CUST0051,2024-12-27 10:39:28,PLACED,CENTRAL
ORD01049,CUST0594,07-05-2025 23:05:07,DELIVERED,NORTH
ORD01050,CUST0266,03-02-2025 22:14:53,CANCELLED,EAST
ORD01051,CUST0046,2026-07-21 23:12:07,PLACED,CENTRAL
ORD01052,CUST0524,2024-04-30 07:33:13,DELIVERED,EAST
ORD01053,CUST0426,2024-04-20 21:43:49,CANCELLED,SOUTH
ORD01054,,2025-07-13 16:28:15,DELIVERED,EAST
ORD01055,CUST0302,2024-02-18 09:37:56,PLACED,SOUTH
ORD01056,CUST0027,2024-06-14 00:37:11,CANCELLED,CENTRAL
ORD01057,CUST0521,2026-06-22 07:23:16,RETURNED,WEST
ORD01058,CUST0034,2024-08-21 03:11:23,RETURNED,NORTH
ORD01059,CUST0230,2026-05-28 07:43:43,DELIVERED,CENTRAL
ORD01060,CUST0552,2024-07-07 08:14:35,DELIVERED,NORTH
ORD01061,CUST0538,2026-03-19 07:31:55,SHIPPED,CENTRAL
ORD01062,CUST0250,2025-05-25 14:14:47,DELIVERED,EAST
ORD01063,CUST0323,2024-06-28 07:03:16,DELIVERED,WEST
ORD01064,CUST0361,2026-05-20 15:21:22,RETURNED,WEST
ORD01065,CUST0460,2025-10-12 15:52:06,CANCELLED,SOUTH
ORD01066,CUST0251,2025-09-25 05:04:46,DELIVERED,CENTRAL
ORD01067,CUST0294,2025-06-14 14:43:11,PLACED,WEST
ORD01068,CUST0152,2026-06-13 19:16:28,CANCELLED,SOUTH
ORD01069,CUST0465,2024-01-25 02:20:19,DELIVERED,CENTRAL
ORD01070,CUST0482,2024-06-05 21:22:49,PLACED,WEST
ORD01071,,2024-09-16 07:48:41,PLACED,CENTRAL
ORD01072,CUST0433,2025-07-04 11:47:17,DELIVERED,SOUTH
ORD01073,CUST0122,2025-06-07 05:07:23,CANCELLED,CENTRAL
ORD01074,CUST0111,2024-03-11 06:35:01,RETURNED,WEST
ORD01075,CUST0461,2025-11-07 19:42:21,DELIVERED,SOUTH
ORD01076,CUST0522,2024-05-10 03:53:55,PLACED,CENTRAL
ORD01077,CUST0465,2025-08-12 08:06:34,SHIPPED,CENTRAL
ORD01078,CUST0100,2024-12-26 19:24:45,DELIVERED,CENTRAL
ORD01079,CUST0538,2026-06-19 17:33:44,RETURNED,EAST
ORD01080,CUST0327,2024-10-04 03:49:24,PLACED,SOUTH
ORD01081,CUST0285,2026-06-12 10:41:31,DELIVERED,EAST
ORD01082,CUST0122,2025-03-23 03:34:15,DELIVERED,SOUTH
ORD01083,CUST0266,2026-07-30 15:39:44,RETURNED,EAST
ORD01084,CUST0212,2026-05-07 18:08:42,DELIVERED,NORTH
ORD01085,CUST0041,2026-04-18 14:18:42,SHIPPED,WEST
ORD01086,CUST0027,2025-07-28 01:28:14,RETURNED,CENTRAL
ORD01087,CUST0456,2026-03-20 04:19:55,DELIVERED,NORTH
ORD01088,CUST0123,2025-11-21 08:37:17,DELIVERED,NORTH
ORD01089,CUST0286,2024-06-29 22:02:30,CANCELLED,SOUTH
ORD01090,CUST0335,2024-08-31 11:12:47,SHIPPED,CENTRAL
ORD01091,CUST0076,2025-05-04 00:57:52,PLACED,NORTH
ORD01092,CUST0534,2025-05-08 06:16:19,DELIVERED,NORTH
ORD01093,CUST0009,2025-01-17 00:19:42,DELIVERED,SOUTH
ORD01094,CUST0272,2025-12-31 07:10:22,CANCELLED,WEST
ORD01095,CUST0204,2024-05-17 19:24:43,CANCELLED,SOUTH
ORD01096,,2024-04-14 11:40:54,DELIVERED,SOUTH
ORD01097,,2025-02-12 16:06:09,DELIVERED,SOUTH
ORD01098,CUST0496,2026-04-04 01:01:28,SHIPPED,EAST
ORD01099,CUST0300,2026-01-23 12:20:44,DELIVERED,CENTRAL
ORD01100,CUST0493,2025-04-03 21:57:08,PLACED,EAST
ORD01101,CUST0458,2025-05-20 11:40:52,DELIVERED,SOUTH
ORD01102,CUST0327,2024-06-25 08:56:23,DELIVERED,SOUTH
ORD01103,CUST0496,2026-01-29 21:44:33,DELIVERED,NORTH
ORD01104,CUST0520,2024-11-30 03:44:21,DELIVERED,NORTH
ORD01105,CUST0331,2025-02-10 09:21:02,DELIVERED,WEST
ORD01106,CUST0267,2024-03-25 20:52:46,DELIVERED,EAST
ORD01107,CUST0047,2025-04-24 06:06:38,SHIPPED,SOUTH
ORD01108,CUST0113,2025-05-27 03:31:01,DELIVERED,NORTH
ORD01109,CUST0093,2025-06-01 17:52:48,DELIVERED,CENTRAL
ORD01110,CUST0051,2026-03-16 16:38:10,DELIVERED,SOUTH
ORD01111,CUST0406,2024-12-22 06:12:31,SHIPPED,EAST
ORD01112,CUST0221,2026-05-08 23:30:49,RETURNED,NORTH
ORD01113,CUST0540,2024-06-08 06:14:59,DELIVERED,NORTH
ORD01114,CUST0309,2024-02-07 15:53:43,DELIVERED,SOUTH
ORD01115,,2024-07-11 01:44:19,DELIVERED,WEST
ORD01116,CUST0277,2024-05-11 21:55:17,DELIVERED,WEST
ORD01117,,2026-04-21 11:57:48,SHIPPED,CENTRAL
ORD01118,CUST0199,2026-07-29 21:49:07,DELIVERED,WEST
ORD01119,CUST0024,2025-04-14 09:07:00,SHIPPED,EAST
ORD01120,CUST0591,2026-01-02 07:04:44,DELIVERED,SOUTH
ORD01121,CUST0575,2025-03-08 17:23:28,RETURNED,CENTRAL
ORD01122,CUST0392,2024-01-27 17:43:46,DELIVERED,EAST
ORD01123,CUST0111,2025-12-03 13:51:39,RETURNED,WEST
ORD01124,CUST0458,2025-07-28 11:56:58,PLACED,EAST
ORD01125,CUST0086,2024-05-28 04:21:39,SHIPPED,WEST
ORD01126,CUST0086,2024-08-07 13:11:07,CANCELLED,CENTRAL
ORD01127,CUST0581,2024-12-27 01:36:34,DELIVERED,WEST
ORD01128,CUST0346,21-08-2024 23:13:17,DELIVERED,CENTRAL
ORD01129,CUST0006,2025-02-20 13:09:58,DELIVERED,WEST
ORD01130,CUST0321,2025-01-01 04:59:58,DELIVERED,CENTRAL
ORD01131,CUST0084,2024-06-12 04:19:10,PLACED,SOUTH
ORD01132,CUST0166,2026-03-18 16:43:53,SHIPPED,WEST
ORD01133,CUST0117,2024-03-01 16:20:05,DELIVERED,CENTRAL
ORD01134,CUST0561,2025-10-11 13:39:46,SHIPPED,WEST
ORD01135,CUST0278,2026-03-22 15:28:12,CANCELLED,CENTRAL
ORD01136,CUST0145,2025-03-26 19:19:12,SHIPPED,CENTRAL
ORD01137,CUST0381,2026-03-17 19:52:54,DELIVERED,SOUTH
ORD01138,CUST0139,2024-09-12 03:14:39,CANCELLED,NORTH
ORD01139,CUST0184,2024-08-21 13:25:11,RETURNED,NORTH
ORD01140,CUST0193,2024-11-05 13:14:09,DELIVERED,EAST
ORD01141,CUST0480,2026-07-12 10:52:07,DELIVERED,CENTRAL
ORD01142,CUST0354,2024-01-22 22:47:07,SHIPPED,WEST
ORD01143,CUST0314,2025-07-24 12:59:49,DELIVERED,EAST
ORD01144,CUST0208,2024-04-30 08:31:09,PLACED,SOUTH
ORD01145,CUST0270,2026-05-25 14:45:33,DELIVERED,CENTRAL
ORD01146,CUST0393,2025-05-27 21:15:50,CANCELLED,CENTRAL
ORD01147,CUST0485,2024-11-21 03:31:11,DELIVERED,SOUTH
ORD01148,CUST0151,2024-08-10 15:51:14,CANCELLED,EAST
ORD01149,CUST0054,2024-07-31 18:47:43,DELIVERED,WEST
ORD01150,CUST0513,2024-07-01 05:07:49,DELIVERED,WEST
ORD01151,CUST0364,2025-04-29 07:19:24,DELIVERED,NORTH
ORD01152,CUST0220,2024-09-15 01:15:53,CANCELLED,SOUTH
ORD01153,CUST0574,2025-11-17 01:47:12,DELIVERED,NORTH
ORD01154,CUST0446,2025-06-24 21:06:34,CANCELLED,WEST
ORD01155,CUST0355,2025-10-20 18:46:16,DELIVERED,SOUTH
ORD01156,CUST0184,2024-01-17 13:53:48,DELIVERED,SOUTH
ORD01157,,2025-04-27 04:12:14,RETURNED,EAST
ORD01158,CUST0014,28-02-2025 03:12:55,SHIPPED,WEST
ORD01159,CUST0260,2025-03-01 21:56:28,RETURNED,NORTH
ORD01160,CUST0483,2025-12-07 00:16:09,DELIVERED,CENTRAL
ORD01161,CUST0040,28-07-2025 01:13:15,CANCELLED,SOUTH
ORD01162,CUST0182,2024-07-23 12:12:03,CANCELLED,NORTH
ORD01163,CUST0064,2025-05-03 03:35:16,DELIVERED,SOUTH
ORD01164,CUST0018,2025-05-31 18:38:58,CANCELLED,EAST
ORD01165,CUST0174,2026-06-30 15:15:36,DELIVERED,NORTH
ORD01166,CUST0413,2025-10-08 19:43:26,DELIVERED,NORTH
ORD01167,CUST0514,2024-08-17 03:43:06,PLACED,WEST
ORD01168,,2024-11-04 15:27:14,DELIVERED,NORTH
ORD01169,CUST0575,2025-06-28 18:28:34,DELIVERED,NORTH
ORD01170,CUST0475,2024-05-16 22:54:57,PLACED,NORTH
ORD01171,CUST0021,2024-09-20 01:17:51,SHIPPED,EAST
ORD01172,CUST0253,2025-04-23 02:57:23,DELIVERED,SOUTH
ORD01173,CUST0136,2025-04-27 07:47:48,DELIVERED,SOUTH
ORD01174,CUST0579,2025-05-05 04:13:13,CANCELLED,EAST
ORD01175,CUST0182,2025-04-03 03:52:29,DELIVERED,NORTH
ORD01176,CUST0593,2025-07-18 20:28:57,DELIVERED,WEST
ORD01177,CUST0175,2024-02-27 01:26:03,DELIVERED,SOUTH
ORD01178,CUST0216,2025-11-04 23:13:37,CANCELLED,EAST
ORD01179,CUST0516,2026-05-06 21:33:22,DELIVERED,NORTH
ORD01180,CUST0216,2025-02-05 02:54:36,SHIPPED,NORTH
ORD01181,CUST0191,2026-01-08 05:06:22,DELIVERED,EAST
ORD01182,CUST0035,2025-05-15 18:54:03,DELIVERED,NORTH
ORD01183,CUST0487,2025-06-03 22:59:08,RETURNED,SOUTH
ORD01184,CUST0314,2024-09-09 19:35:50,SHIPPED,NORTH
ORD01185,CUST0468,2026-07-11 02:04:14,DELIVERED,WEST
ORD01186,CUST0250,2025-01-27 08:40:11,DELIVERED,WEST
ORD01187,CUST0308,2024-03-03 08:06:58,CANCELLED,CENTRAL
ORD01188,CUST0437,2025-02-22 10:30:18,DELIVERED,NORTH
ORD01189,CUST0171,2025-04-11 22:32:15,RETURNED,CENTRAL
ORD01190,CUST0582,2024-08-04 18:46:17,DELIVERED,NORTH
ORD01191,CUST0317,2024-08-07 18:02:46,DELIVERED,SOUTH
ORD01192,CUST0152,2024-11-07 07:41:49,DELIVERED,NORTH
ORD01193,CUST0209,2025-11-09 03:43:19,SHIPPED,CENTRAL
ORD01194,CUST0384,2024-01-08 16:21:17,DELIVERED,WEST
ORD01195,CUST0404,2024-11-26 02:16:16,DELIVERED,WEST
ORD01196,CUST0099,2025-08-25 01:48:10,DELIVERED,SOUTH
ORD01197,CUST0335,2025-03-15 22:15:35,DELIVERED,WEST
ORD01198,CUST0547,2024-04-21 07:33:32,DELIVERED,CENTRAL
ORD01199,,2024-10-03 18:17:14,DELIVERED,EAST
ORD01200,CUST0002,2026-07-19 18:41:01,RETURNED,SOUTH
