customer_id,customer_name,email,registration_date,customer_type
CUST0001,Allison Hill,donaldgarcia@example.net,2023-02-08,PREMIUM
CUST0002,Angie Henderson,davisjesse@example.net,2023-08-05,PREMIUM
CUST0003,Cristian Santos,lrobinson@example.com,2025-04-27,REGULAR
CUST0004,Abigail Shaffer,jpeterson@example.org,2023-02-16,REGULAR
CUST0005,Gabrielle Davis,howardmaurice@example.com,2025-07-24,REGULAR
CUST0006,Monica Herrera,smiller@example.net,2025-10-06,PREMIUM
CUST0007,Shannon Ray,williamsjeremy@example.com,2024-11-28,REGULAR
CUST0008,Dr. Sharon James,xreid@example.org,2023-01-11,PREMIUM
CUST0009,Daniel Adams,lynchgeorge@example.net,2024-10-18,REGULAR
CUST0010,Joel Nelson,gabriellecameron@example.org,2026-04-01,REGULAR
CUST0011,Andrew Stewart,carl95@example.org,2023-05-31,REGULAR
CUST0012,Jennifer Rocha,ithomas@example.org,2024-02-15,PREMIUM
CUST0013,Kimberly Burgess,zhurst@example.com,2025-04-13,REGULAR
CUST0014,Zachary Hicks,camposmichelle@example.org,2023-05-03,REGULAR
CUST0015,Rebecca Henderson,cruzcaitlin@example.com,2025-08-18,PREMIUM
CUST0016,Tricia Valencia,frazierdanny@example.net,2023-10-26,PREMIUM
CUST0017,Patricia Peterson,ryan70@example.net,2023-12-21,PREMIUM
CUST0018,Deborah Mason,williamrodriguez@example.net,2023-12-28,PREMIUM
CUST0019,Mark Lynch,nathanielmartin@example.net,2024-12-05,REGULAR
CUST0020,Linda Burns,hickmannatasha@example.com,2024-07-29,REGULAR
CUST0021,David Bradley,millertodd@example.org,2025-12-26,PREMIUM
CUST0022,Kim Martinez,karroyo@example.com,2025-08-04,REGULAR
CUST0023,Lisa Brandt,jenniferross@example.net,2024-01-16,REGULAR
CUST0024,Jessica Holmes,wrightcaleb@example.org,2025-09-21,REGULAR
CUST0025,Crystal Robinson,zimmermanbrian@example.org,2024-05-18,PREMIUM
CUST0026,Shannon Jones,joshuawashington@example.net,2023-12-22,PREMIUM
CUST0027,Timothy Duncan,esanchez@example.com,2024-09-15,REGULAR
CUST0028,Brent Jordan,ujenkins@example.org,2025-05-31,PREMIUM
CUST0029,Victoria Garcia,zchandler@example.org,2025-10-15,REGULAR
CUST0030,Connor West,dwhite@example.org,2025-09-25,REGULAR
CUST0031,Angela Morton,williamsyvette@example.org,2024-01-19,PREMIUM
CUST0032,Tammy Allison,richardolson@example.com,2026-03-06,REGULAR
CUST0033,Carmen Smith,ybaker@example.com,2024-09-12,REGULAR
CUST0034,Michael Cross,smoore@example.org,2023-08-03,REGULAR
CUST0035,Lauren Daniels,brian97@example.net,2023-03-15,PREMIUM
CUST0036,Kim Brown,yorkcasey@example.org,2023-09-06,PREMIUM
CUST0037,Cynthia Wilson,bethwilliams@example.org,2023-04-09,REGULAR
CUST0038,Kevin Mills,james53@example.com,2024-12-28,REGULAR
CUST0039,Michael Evans,sarah10@example.com,2023-01-18,REGULAR
CUST0040,Kristine Garcia,williamanderson@example.com,2025-04-14,PREMIUM
CUST0041,Sherry Wood,samueldaniels@example.com,2024-06-12,REGULAR
CUST0042,Victoria Valdez,contrerasangela@example.net,2024-12-05,REGULAR
CUST0043,Shawn Baker,newtoneric@example.com,2026-01-22,REGULAR
CUST0044,Michelle Harris,william40@example.org,2023-10-05,REGULAR
CUST0045,Sandra Williams,kellie42@example.net,2025-08-29,REGULAR
CUST0046,Michael Hoffman,jonesnicole@example.org,2025-08-04,REGULAR
CUST0047,Sandra Aguilar,russellwilliams@example.com,2023-09-08,REGULAR
CUST0048,Rebecca Valencia,jason31@example.com,2025-04-03,PREMIUM
CUST0049,Stacey Russell,sarayoung@example.org,2025-01-29,REGULAR
CUST0050,Rita Keith,whitesandra@example.com,2026-07-15,PREMIUM
CUST0051,Sharon Cochran,erik16@example.org,2024-01-10,PREMIUM
CUST0052,Courtney Velasquez,ybailey@example.org,2023-05-14,PREMIUM
CUST0053,Matthew Ross,michelle45@example.net,2026-03-27,REGULAR
CUST0054,Meghan Anthony,sheila14@example.org,2025-10-21,REGULAR
CUST0055,Victoria Johnson,yreed@example.com,2024-02-16,REGULAR
CUST0056,William Wilson,jonathanfletcher@example.org,2023-11-26,PREMIUM
CUST0057,Renee Mcdaniel,michaeljones@example.net,2025-12-07,REGULAR
CUST0058,Lisa Alvarado,cortezkevin@example.com,2025-11-09,REGULAR
CUST0059,Erika Terry,jamesortega@example.com,2025-03-15,REGULAR
CUST0060,Stephanie Gilbert,richard04@example.com,2023-04-10,REGULAR
CUST0061,Richard Lawson,steven73@example.net,2023-12-24,REGULAR
CUST0062,Steven Flynn,donnacampbell.com,2023-12-22,REGULAR
CUST0063,Lisa Davis,emilywalker@example.org,2024-05-28,REGULAR
CUST0064,Angel Riggs,gibsonolivia@example.net,2025-11-05,REGULAR
CUST0065,Michael Snyder,dylanwatts@example.org,2026-01-28,PREMIUM
CUST0066,Colleen Brock,pwilliams@example.org,2025-01-04,REGULAR
CUST0067,Robert Contreras,stephanie79@example.net,2024-09-24,REGULAR
CUST0068,Jessica Meadows,vmerritt@example.com,2024-10-31,REGULAR
CUST0069,Paul Larsen,katie87@example.net,2026-02-06,REGULAR
CUST0070,Jeremiah Reeves,josephflores@example.net,2025-09-30,REGULAR
CUST0071,Chris Reyes,jasminebrown@example.com,2024-06-11,PREMIUM
CUST0072,John Brown,xprice@example.net,2023-10-25,REGULAR
CUST0073,Alicia Gilmore,wwoods@example.com,2024-10-17,REGULAR
CUST0074,Sarah Ashley,vmedina@example.net,2023-04-28,REGULAR
CUST0075,Stephanie Freeman,ryan06@example.com,2025-05-04,REGULAR
CUST0076,Rebecca Ramsey,ncalhoun@example.net,2025-04-19,PREMIUM
CUST0077,James Elliott,millerroy@example.com,2026-03-16,PREMIUM
CUST0078,David Murphy,wmurphy@example.com,2025-01-24,REGULAR
CUST0079,Trevor Fisher,ruizkaitlyn@example.org,2023-04-02,REGULAR
CUST0080,Mrs. Marie Harrington DDS,herringjames@,2024-02-16,PREMIUM
CUST0081,Christian Martinez,elliottjeffery@example.net,2024-03-19,REGULAR
CUST0082,Jacob Obrien,stricklandfrank@example.com,2026-05-01,REGULAR
CUST0083,Alexander Collins,tsanders@example.org,2023-08-29,REGULAR
CUST0084,Michael Burton,terrykevin@example.net,2023-04-01,REGULAR
CUST0085,Barbara Riggs,reedross@example.com,2026-03-07,REGULAR
CUST0086,Matthew Smith,gshort@example.com,2025-01-10,REGULAR
CUST0087,Madison Poole,ryangross@example.net,2023-09-02,REGULAR
CUST0088,Robert Medina,umarshall@example.net,2023-10-16,REGULAR
CUST0089,Samuel Rivas,ramirezshannon@example.com,2024-01-01,REGULAR
CUST0090,Mary Rogers,lrosales@example.com,2025-06-03,REGULAR
CUST0091,Robert Peterson,angela83@example.org,2025-08-20,REGULAR
CUST0092,Jason Peters,hannahbrewer@example.com,2025-05-28,REGULAR
CUST0093,Alan Phillips,tholt@example.net,2023-11-14,REGULAR
CUST0094,Kara Schmidt,jbarajas@example.com,2024-02-17,REGULAR
CUST0095,Jesse Parker,davidlee@example.org,2024-04-11,REGULAR
CUST0096,Tiffany Vaughn,javierwashington@example.net,2023-04-23,REGULAR
CUST0097,Paige Carlson,wallkenneth@example.com,2025-05-24,VIP
CUST0098,Adrian Ferguson,brandon08@example.com,2023-11-28,REGULAR
CUST0099,Beth Oneill,agarcia@example.net,2024-06-26,PREMIUM
CUST0100,John Peterson,kingmichelle@example.org,2024-07-28,REGULAR
CUST0101,Jennifer Jones,hernandezlisa@example.com,2025-04-23,PREMIUM
CUST0102,David Grant,yobrien@example.net,2026-06-07,REGULAR
CUST0103,Joseph Hayes,levans@,2025-10-27,REGULAR
CUST0104,Elizabeth Oliver DDS,mezajared@example.org,2024-02-15,REGULAR
CUST0105,Brad Allen,moorericky@example.net,2025-05-09,REGULAR
CUST0106,Doris Hall,jacqueline71@example.net,2023-11-24,PREMIUM
CUST0107,Dennis Moody,ronaldstephens@example.net,2025-09-12,PREMIUM
CUST0108,Derek Thomas,martinkyle@example.net,2024-01-26,PREMIUM
CUST0109,Tammy Gonzales,sbarker@example.com,2023-05-24,REGULAR
CUST0110,Kathryn Snyder,georgepamela@example.net,2023-03-10,REGULAR
CUST0111,David Davis,keyemily@example.com,2025-09-16,VIP
CUST0112,Pamela Thompson,lmoon@example.net,2024-11-17,REGULAR
CUST0113,Robert Costa,vbailey@example.com,2023-01-16,REGULAR
CUST0114,Shannon Rivera,zroberts@example.net,2025-12-09,PREMIUM
CUST0115,Brandon King,cordovarichard@example.net,2026-07-20,REGULAR
CUST0116,April Booth,mgutierrez@example.net,2024-10-29,REGULAR
CUST0117,Peter Garrett,harrisandrea@example.com,2026-05-21,VIP
CUST0118,Michael Martinez,jennifercollins@example.org,2024-07-09,REGULAR
CUST0119,Anna Gay,murraydavid@example.org,2023-06-09,REGULAR
CUST0120,Dr. Jordan Hill PhD,jsanchez@example.org,2024-09-23,VIP
CUST0121,Thomas Romero,michellehill@example.com,2024-01-03,PREMIUM
CUST0122,Richard Adams,campbellkenneth@example.net,2026-06-13,REGULAR
CUST0123,Mary Grimes,wryan@example.com,2023-10-06,PREMIUM
CUST0124,Kimberly Gibson,molly39@example.com,2024-10-01,PREMIUM
CUST0125,Reginald Williams,zthornton@example.com,2026-06-13,REGULAR
CUST0126,Matthew Hoover,tylerjohnson@example.net,2025-12-25,REGULAR
CUST0127,Evelyn Garcia,dgarcia@example.org,2025-01-01,REGULAR
CUST0128,Jennifer Pena,charlesharrington@example.com,2024-12-16,REGULAR
CUST0129,Michael Santos,melissa86@example.com,2023-12-20,REGULAR
CUST0130,Stacy Freeman,williamsonjimmy@example.net,2024-09-10,REGULAR
CUST0131,Yolanda Francis,wgood@example.net,2026-04-16,REGULAR
CUST0132,Ashlee Jackson,rebecca05@example.org,2024-09-12,REGULAR
CUST0133,James Thomas,yknight@example.org,2024-05-29,PREMIUM
CUST0134,Bob Pitts,tyleraguilar@example.org,2024-02-10,REGULAR
CUST0135,David Scott,nolansteven@example.com,2024-02-17,REGULAR
CUST0136,Brooke Alexander,vanessa46@example.net,2024-06-21,PREMIUM
CUST0137,Ryan Gonzalez,gcastaneda@example.org,2025-07-30,VIP
CUST0138,Ian Phillips,andrew64@example.org,2025-06-14,REGULAR
CUST0139,Melissa Garner,lozanojulie@example.com,2024-11-08,REGULAR
CUST0140,Crystal Pham,danaoliver@example.net,2025-04-16,REGULAR
CUST0141,Patricia Becker,courtneyberger@example.net,2026-02-18,REGULAR
CUST0142,Richard Johnson,jessica14@example.com,2023-04-19,PREMIUM
CUST0143,Casey Anderson,alyssa42@example.com,2025-08-26,REGULAR
CUST0144,Terry Coffey,julie51@example.com,2026-01-23,PREMIUM
CUST0145,Brenda Levy,zcoffey@example.net,2025-11-01,REGULAR
CUST0146,Richard Smith,gibsonemily@example.net,2024-04-04,REGULAR
CUST0147,James Little,daniel37@example.org,2025-10-29,PREMIUM
CUST0148,Terri Murphy,deborahreid@example.com,2023-09-28,REGULAR
CUST0149,Elizabeth Ortiz,brandonjohnson@example.com,2025-05-01,PREMIUM
CUST0150,David Medina,qchavez@example.net,2023-11-23,REGULAR
CUST0151,Kimberly Matthews,nicolepena@example.com,2025-10-14,REGULAR
CUST0152,Teresa Ramirez,jeff73@example.com,2025-11-15,REGULAR
CUST0153,Michael Stephens,bruce43@example.org,2026-05-21,PREMIUM
CUST0154,Samantha Davis,darleneharper@example.org,2024-03-16,REGULAR
CUST0155,Gavin Zhang,caseyhubbard@example.org,2024-06-04,REGULAR
CUST0156,Robin Hall,kristinacarlson@example.com,2023-12-31,REGULAR
CUST0157,Brianna Anderson,lauren10@example.org,2023-11-06,REGULAR
CUST0158,Richard Young,alfred40@example.org,2025-01-08,REGULAR
CUST0159,Kelly Reese,xwest@example.net,2024-12-08,REGULAR
CUST0160,Jodi Walker,acostaregina@example.net,2023-10-30,PREMIUM
CUST0161,Judith Maynard,lutzmelanie@example.com,2024-09-12,REGULAR
CUST0162,Katherine Browning,lammarc@example.org,2023-01-09,PREMIUM
CUST0163,Donald Schultz,oscar98@example.com,2023-06-15,PREMIUM
CUST0164,Larry Garcia,farrelldebra@example.net,2026-06-03,VIP
CUST0165,Cindy Hayes,robertwilcox@example.com,2023-03-20,REGULAR
CUST0166,Brandon Simmons,nicholas27@example.org,2023-07-08,REGULAR
CUST0167,Bradley Reynolds,lisa80@example.net,2025-11-03,REGULAR
CUST0168,Kristina Santiago,qgomez@example.com,2024-05-07,VIP
CUST0169,Michelle Schmitt,michael98@example.org,2025-08-09,PREMIUM
CUST0170,John Boone,megan51@example.com,2024-10-24,PREMIUM
CUST0171,Renee Bruce,lynchdiane@example.net,2023-09-05,PREMIUM
CUST0172,Christopher Park,sandra50@example.org,2024-02-07,PREMIUM
CUST0173,Kylie Morales,joycebonilla@example.org,2024-03-06,PREMIUM
CUST0174,Cindy Barnes,eric45@example.net,2025-08-31,REGULAR
CUST0175,Sophia Moore,craigjoseph@example.net,2026-01-13,REGULAR
CUST0176,Lawrence Perry,kariwilson@example.com,2024-05-11,PREMIUM
CUST0177,Michael Watkins,brandon69@example.org,2023-08-23,REGULAR
CUST0178,Eric Clark,kathrynroberts@example.org,2026-01-02,REGULAR
CUST0179,Paul Thompson,opatel@example.net,2024-05-29,REGULAR
CUST0180,Mary Gomez,chensley@example.com,2023-11-18,PREMIUM
CUST0181,Thomas Atkins,tberry@example.net,2026-04-10,REGULAR
CUST0182,Brian Smith,george97@example.net,2026-04-04,REGULAR
CUST0183,Anita Richard,ryanmorales@example.org,2024-06-30,REGULAR
CUST0184,Eric Morgan,kimberly18@example.net,2026-07-22,REGULAR
CUST0185,Jordan Bullock,michael23@example.org,2025-04-28,PREMIUM
CUST0186,Craig Morrison,thompsonkendra@example.com,2025-01-28,REGULAR
CUST0187,Justin Riley,michelle52@example.com,2023-02-15,REGULAR
CUST0188,Jeremy Turner,brittany58@example.org,2026-05-24,REGULAR
CUST0189,Jesse Brown,chase19@example.net,2024-12-27,PREMIUM
CUST0190,Julie Spencer,colelisa@example.net,2025-04-09,REGULAR
CUST0191,Larry Mason,hayeslisa@example.com,2025-05-26,REGULAR
CUST0192,Mrs. Maria Williams,hritter@example.net,2024-10-27,REGULAR
CUST0193,Helen Hardin,vortiz@example.net,2023-03-20,REGULAR
CUST0194,Rachel Holland,riveraangela@example.com,2024-12-07,REGULAR
CUST0195,Nathaniel Douglas,mathewaguilar@example.org,2024-08-11,REGULAR
CUST0196,Emily Douglas,tanderson@example.org,2024-10-16,REGULAR
CUST0197,James Conner,elizabethcalderon@example.net,2023-01-31,PREMIUM
CUST0198,Susan Davis DDS,andrew42@example.org,2024-06-27,REGULAR
CUST0199,Ralph Lee,ericphillips@example.org,2025-10-09,REGULAR
CUST0200,Kimberly Rodgers,stanleynancy@example.net,2024-01-20,REGULAR
CUST0201,James Martin,jenniferwilliams@example.com,2023-08-25,REGULAR
CUST0202,Cynthia Wallace,karen73@example.net,2023-06-27,REGULAR
CUST0203,Vincent Mueller,michealvalentine@example.com,2025-12-22,REGULAR
CUST0204,Douglas Reyes,mburch@example.net,2025-07-30,REGULAR
CUST0205,David Davidson,angela18@example.org,2023-06-27,PREMIUM
CUST0206,Phillip Nelson,mariahdavis@example.org,2024-04-28,REGULAR
CUST0207,Stacey Arias,gbrown@example.com,2024-04-29,REGULAR
CUST0208,Zachary Brooks,florescory@example.net,2024-08-06,REGULAR
CUST0209,Raven Taylor,samantha72@example.net,2023-04-29,REGULAR
CUST0210,Luis Bullock,scottmary@example.net,2024-01-13,REGULAR
CUST0211,Lisa Henderson,john10@example.org,2025-11-28,REGULAR
CUST0212,Riley Bryant,copelandvincent@example.net,2025-05-29,PREMIUM
CUST0213,Jose Allen,kellysmith@example.com,2024-10-27,REGULAR
CUST0214,Jason Beck,millsmichael@example.net,2025-10-02,REGULAR
CUST0215,Rachel Romero,myerstheodore@example.net,2026-07-01,REGULAR
CUST0216,James Burgess,kristina53@example.net,2024-07-16,REGULAR
CUST0217,Ashley Perkins,dennis58@example.com,2026-01-03,REGULAR
CUST0218,Carrie Maxwell,epollard@example.net,2025-03-21,VIP
CUST0219,Chad Baldwin,mjohnson@example.org,2026-06-09,PREMIUM
CUST0220,Stacey Stewart,zachary87@example.com,2024-12-23,REGULAR
CUST0221,Matthew Mitchell,glennmartin@example.org,2024-02-21,REGULAR
CUST0222,Jessica Ross,ykline@example.com,2023-05-15,REGULAR
CUST0223,Kathleen Jimenez,laurie61@example.com,2026-03-11,REGULAR
CUST0224,Samantha Gardner,curtis54@example.com,2024-08-11,REGULAR
CUST0225,Mitchell Jackson,cbell@example.net,2024-05-19,REGULAR
CUST0226,Heather Bolton,danielle01@example.net,2026-05-24,REGULAR
CUST0227,Heidi Owen,stephaniethomas@example.net,2025-07-15,PREMIUM
CUST0228,Jessica Martinez,kimberlydiaz@example.com,2023-01-16,REGULAR
CUST0229,Amanda Hernandez,xrush@example.com,2024-01-10,PREMIUM
CUST0230,Laura Moreno,redwards@example.org,2026-03-23,REGULAR
CUST0231,Allison Lopez,hmcintyre@example.com,2026-01-10,REGULAR
CUST0232,Michele Lewis,heather73@example.org,2023-05-25,REGULAR
CUST0233,Benjamin Thompson,zosborn@example.net,2024-01-13,REGULAR
CUST0234,Victoria Contreras,piercekelly@example.com,2025-01-05,REGULAR
CUST0235,Michelle Ho,laurahicks@example.org,2026-03-04,REGULAR
CUST0236,Dr. Cynthia Snyder,angela57@example.net,2024-12-05,REGULAR
CUST0237,Stephen Jones,ukey@example.com,2023-07-07,PREMIUM
CUST0238,Patricia Morrow,martinezlogan@example.org,2026-02-28,REGULAR
CUST0239,Michael Cooper,katrinaanderson@example.net,2023-10-15,REGULAR
CUST0240,Amy Martinez,kevinmartin@example.net,2024-03-05,PREMIUM
CUST0241,Travis Stone,meghan43@example.net,2025-03-25,REGULAR
CUST0242,Denise Weber,shawgary@example.net,2026-07-17,REGULAR
CUST0243,Matthew Le,megan90@example.org,2023-10-06,REGULAR
CUST0244,Travis Wise,debra96@example.net,2023-07-16,REGULAR
CUST0245,Kathleen Burton,dawn47@example.org,2025-05-09,REGULAR
CUST0246,Melinda Evans,barkereric@example.com,2025-09-17,PREMIUM
CUST0247,Mr. Lawrence Edwards,jessica56@example.org,2023-01-20,REGULAR
CUST0248,Kayla Rodriguez,stevenadams@example.org,2024-11-15,REGULAR
CUST0249,Anthony Dougherty,kwright@example.com,2024-01-28,PREMIUM
CUST0250,Michelle Lee,tyronerobertson@example.com,2026-07-01,REGULAR
CUST0251,Kathleen Davis,pwagner@example.org,2025-06-15,REGULAR
CUST0252,Amber Campbell,amitchell@example.org,2023-08-20,PREMIUM
CUST0253,Stephen Luna,zdiaz@example.org,2023-05-13,VIP
CUST0254,Chloe Tran,hughesshannon@example.net,2026-04-02,REGULAR
CUST0255,William Becker,andersoncolin@example.com,2025-08-18,REGULAR
CUST0256,Gina Mcmillan,jameshicks@example.net,2024-11-30,PREMIUM
CUST0257,Andrew Reeves,jstone@example.net,2025-07-03,VIP
CUST0258,Brenda Velazquez,francisco94@example.net,2025-08-22,REGULAR
CUST0259,Ronald Patel,thomas05@example.com,2023-06-04,PREMIUM
CUST0260,Veronica Silva,carlsonjoseph@example.net,2023-11-24,REGULAR
CUST0261,Paula Lane,silvageorge@example.net,2024-01-08,REGULAR
CUST0262,Patricia James,anthonyvaughan@example.org,2023-01-05,REGULAR
CUST0263,Jeremy Barnes,avaughn@example.net,2024-12-30,REGULAR
CUST0264,Tami Salas,thorntonapril@example.net,2026-01-03,REGULAR
CUST0265,Matthew Fox,sue78@example.com,2023-04-21,REGULAR
CUST0266,Megan Dillon,chelsea33@example.com,2026-05-08,PREMIUM
CUST0267,Courtney Dudley,kellie37@example.com,2026-06-02,PREMIUM
CUST0268,Justin Michael,keith98@example.com,2025-04-25,REGULAR
CUST0269,Jennifer Reed,kellyroberts@example.net,2024-02-17,PREMIUM
CUST0270,Thomas Douglas,ilewis@example.com,2023-09-15,PREMIUM
CUST0271,Melissa Taylor,johnsantiago@example.net,2026-07-04,REGULAR
CUST0272,David Garcia,jennifer12@example.org,2023-07-13,REGULAR
CUST0273,Vanessa Moore,mwoods@example.com,2024-09-17,PREMIUM
CUST0274,Matthew Velez,pearsonjesse@example.net,2025-02-06,REGULAR
CUST0275,Taylor Gentry,robertmonroe@example.org,2024-11-02,PREMIUM
CUST0276,Jennifer Simpson DVM,nancy04@example.net,2023-02-10,REGULAR
CUST0277,Tanya Rogers,ihays@example.net,2026-07-22,PREMIUM
CUST0278,Todd Rosales MD,lisarivera@example.net,2023-02-02,VIP
CUST0279,David Lopez,krystal93@example.org,2024-02-23,REGULAR
CUST0280,Margaret Sullivan,frobertson@example.com,2023-09-30,REGULAR
CUST0281,Cathy Taylor,shari04@example.com,2024-03-08,REGULAR
CUST0282,Paul Finley,brandi90@example.com,2025-09-13,PREMIUM
CUST0283,Melissa Brown,marshallerik@example.net,2024-12-31,REGULAR
CUST0284,Stephanie Padilla,hannah45@example.net,2025-11-07,REGULAR
CUST0285,Tyler Mendoza,madkins@example.com,2024-10-01,REGULAR
CUST0286,Joshua Ruiz,kathleenbecker@example.net,2024-09-14,PREMIUM
CUST0287,Angela Griffin,christian91@example.org,2024-12-07,REGULAR
CUST0288,Stephanie Harris,franklinbond@example.com,2023-06-30,VIP
CUST0289,Daniel Aguilar,nolansean@example.org,2025-03-10,PREMIUM
CUST0290,Jose Bryant,hansenemily@,2024-10-03,REGULAR
CUST0291,Alex Scott,reesebeth@example.org,2025-08-25,PREMIUM
CUST0292,Michael Weaver,michaelcesar@example.com,2026-03-26,REGULAR
CUST0293,Jason Mack,ybrooks@example.com,2023-07-23,PREMIUM
CUST0294,Susan Bennett,desireebailey@example.org,2025-12-20,REGULAR
CUST0295,Jenna Anderson DVM,avilatiffany@example.com,2025-09-05,REGULAR
CUST0296,Kimberly Patel,johnreed@example.com,2023-09-04,REGULAR
CUST0297,Shaun Cannon,pachecorobert@,2023-05-25,REGULAR
CUST0298,Stacey Smith,carloswheeler@example.com,2023-06-26,REGULAR
CUST0299,Michele Williams,moralesjimmy@example.org,2026-07-16,REGULAR
CUST0300,Patty Taylor,jim95@example.net,2024-03-29,REGULAR
CUST0301,Megan Flores,nancy83@example.com,2026-07-20,REGULAR
CUST0302,Antonio Fry,conniesimmons@example.com,2024-12-10,REGULAR
CUST0303,Gregory Schneider,ufloyd@example.net,2025-07-20,REGULAR
CUST0304,Chase Bennett,oallen@example.com,2023-04-19,REGULAR
CUST0305,Brianna Ford,harttammy@example.net,2024-10-06,REGULAR
CUST0306,Jasmine Scott,deborah75@example.org,2024-02-20,PREMIUM
CUST0307,Sandra Williams,mnunez@example.org,2024-04-08,PREMIUM
CUST0308,Chelsea Gill,timothybooth@example.com,2025-10-22,REGULAR
CUST0309,Terry Lewis,suzannewilson@example.com,2025-04-16,REGULAR
CUST0310,Melissa Padilla,jherman@example.com,2026-03-31,REGULAR
CUST0311,Jamie Ferguson,kyle58@example.com,2024-05-14,PREMIUM
CUST0312,Robert Bowen,robin55@example.com,2024-01-06,REGULAR
CUST0313,Sean Figueroa,greensarah@example.net,2026-04-19,REGULAR
CUST0314,Elizabeth Gonzalez,noahwhitaker@example.com,2025-01-04,PREMIUM
CUST0315,Terri Morgan,plevy@example.net,2024-08-22,VIP
CUST0316,Christopher Norton Jr.,iwhite@example.net,2025-10-09,VIP
CUST0317,Kelly Combs,landryelizabeth@example.org,2023-02-27,REGULAR
CUST0318,Ryan Hall,albertwagner@example.com,2024-05-30,PREMIUM
CUST0319,Mark Peck,bhopkins@example.org,2024-11-14,REGULAR
CUST0320,Jennifer Smith,amanda40@example.net,2023-01-24,PREMIUM
CUST0321,Megan Drake,danieldavis@example.org,2025-10-14,VIP
CUST0322,Manuel King,joseph61@example.com,2026-04-29,VIP
CUST0323,Judy Sanchez,kevinclayton@example.org,2025-12-12,REGULAR
CUST0324,Shannon Malone,sullivannicholas@example.com,2024-05-25,PREMIUM
CUST0325,Adam Jackson,pbruce@example.com,2024-08-13,VIP
CUST0326,Shannon Davis,hallrachel@example.net,2026-03-25,REGULAR
CUST0327,Karen Williams,cohenjuan@example.net,2025-08-17,REGULAR
CUST0328,Amanda Mcfarland,alexis39@example.org,2024-03-22,VIP
CUST0329,Michelle Sanders,evansanne@example.net,2024-11-05,VIP
CUST0330,Jasmine Mosley,patrick21@example.net,2025-12-29,PREMIUM
CUST0331,Haley Davis,marypeterson@example.net,2025-12-14,REGULAR
CUST0332,Jennifer Ayala,walterskristen@example.com,2024-05-18,PREMIUM
CUST0333,Henry Pugh MD,nmiller@example.com,2024-08-05,REGULAR
CUST0334,Michelle Miller,normanbowers@example.org,2024-10-02,REGULAR
CUST0335,Emily Rodriguez,hahnsean@example.com,2023-09-22,REGULAR
CUST0336,Brandon Jordan,fgarcia@example.com,2024-08-17,REGULAR
CUST0337,Linda Mueller,asmith@example.com,2025-06-24,REGULAR
CUST0338,Misty Hansen,ashleyjackson@example.com,2024-01-30,REGULAR
CUST0339,Derrick Adams,bryanhamilton@example.com,2026-06-03,REGULAR
CUST0340,Richard Ward,jennifersimpson@example.net,2025-04-29,REGULAR
CUST0341,Brian Torres,ncook@example.com,2024-06-20,VIP
CUST0342,Erin Cook,kevinmorrison@example.net,2024-10-21,REGULAR
CUST0343,Ernest Oconnell,kelly79@example.org,2024-04-14,REGULAR
CUST0344,Douglas Hartman,daniel93@example.net,2025-01-20,REGULAR
CUST0345,Catherine Saunders MD,nhahn@example.com,2024-07-11,REGULAR
CUST0346,Sandra Jones,ichambers@example.net,2024-04-03,REGULAR
CUST0347,David Moore,emccormick@example.com,2024-09-06,REGULAR
CUST0348,Karen Morales DDS,ystephens@example.com,2025-12-01,PREMIUM
CUST0349,Robin Wheeler,rodriguezjohn@example.net,2025-07-31,PREMIUM
CUST0350,Matthew Williams,vrasmussen@example.com,2024-03-20,PREMIUM
CUST0351,Brett Walker,seanmyers@example.net,2026-05-30,REGULAR
CUST0352,Kathryn Cooper,webbkenneth@example.org,2025-08-22,REGULAR
CUST0353,Todd Thomas,matthew38@example.com,2026-04-07,REGULAR
CUST0354,Brent Bowen,tflores@example.org,2025-09-02,REGULAR
CUST0355,Ashley Sweeney,byrdfrank@example.net,2023-03-03,REGULAR
CUST0356,Christopher Moore,omullen@example.com,2025-06-19,REGULAR
CUST0357,Charlotte Sandoval,njohnson@example.org,2024-04-03,REGULAR
CUST0358,Jeffrey Smith,jamiegoodwin@example.org,2023-11-08,REGULAR
CUST0359,Rebecca Herrera,mark71@example.com,2024-07-22,REGULAR
CUST0360,Katherine Church,candice96@example.net,2026-07-14,REGULAR
CUST0361,Harold Ellis,lisamccarthy@example.com,2025-01-18,VIP
CUST0362,Leslie Powers,david41@example.org,2024-06-10,PREMIUM
CUST0363,Charles Price,baileyhenderson@example.com,2023-04-27,REGULAR
CUST0364,Melissa Brewer,angelaburns@example.org,2025-11-16,PREMIUM
CUST0365,Ryan Harvey,stephanie72@example.org,2026-06-03,REGULAR
CUST0366,Tracey Wagner,fortiz@example.com,2024-09-04,REGULAR
CUST0367,Jill Jackson,flynnjeffrey@example.org,2024-12-07,REGULAR
CUST0368,Joshua Jackson,xcunningham@example.com,2024-02-12,REGULAR
CUST0369,Ashley Wilson,amber07@example.net,2024-07-31,REGULAR
CUST0370,Jeffery Fitzgerald,kennethkidd@example.com,2023-02-08,REGULAR
CUST0371,Scott Miller,rowejoel@example.net,2024-05-24,PREMIUM
CUST0372,Heather Page,imartin@example.org,2023-04-09,REGULAR
CUST0373,Renee Hudson,candice25@example.net,2025-12-25,REGULAR
CUST0374,Kenneth Farley,taylorkaren@example.com,2023-08-06,REGULAR
CUST0375,Wendy Camacho,jacquelineanderson@example.org,2025-02-04,REGULAR
CUST0376,Sandra Juarez,kburns@example.net,2025-04-15,REGULAR
CUST0377,Jason Hayes,powellkara@example.net,2025-11-07,PREMIUM
CUST0378,Jackie Clements,brandi17@example.net,2025-04-19,REGULAR
CUST0379,Heather Brown,brobinson@example.org,2023-08-29,PREMIUM
CUST0380,Frank Campbell MD,ashleewashington@example.com,2026-07-19,REGULAR
CUST0381,Pamela Williams,ksmith@example.com,2024-03-10,REGULAR
CUST0382,William Patterson,nicoleturner@example.com,2024-11-19,REGULAR
CUST0383,Isaac Miller,brettgarrett@example.net,2024-07-17,REGULAR
CUST0384,Cynthia Rios,smiththomas@example.org,2025-04-25,PREMIUM
CUST0385,Kelly Wallace,dominguezlisa@example.com,2023-04-05,REGULAR
CUST0386,Karen Perez,crosscurtis@example.com,2023-07-09,PREMIUM
CUST0387,Edwin Reyes,darlenebyrd@example.org,2023-05-23,REGULAR
CUST0388,Alejandra Santos,nbell@example.net,2025-07-16,VIP
CUST0389,Tamara Jensen,fheath@example.org,2024-06-02,REGULAR
CUST0390,Bryce Blair,sylvia52@example.org,2025-05-27,REGULAR
CUST0391,Bradley Tran,kimberly04@example.org,2025-05-10,REGULAR
CUST0392,Katrina Adkins,debbie37@example.com,2023-12-28,REGULAR
CUST0393,Jonathan Wheeler,hatfieldsarah@example.org,2025-07-14,REGULAR
CUST0394,Ryan Fisher,kathrynbest@example.org,2023-08-13,VIP
CUST0395,Austin Baker,livingstonstacy@example.com,2026-05-25,REGULAR
CUST0396,Lori Mason,zhenderson@example.org,2023-02-10,REGULAR
CUST0397,Kimberly Hernandez,collinswilliam@example.org,2026-05-09,REGULAR
CUST0398,Brittney Murphy,collinssamuel@example.org,2023-09-28,REGULAR
CUST0399,Brandon Hamilton,dsalazar@example.com,2024-10-15,REGULAR
CUST0400,Mary Thompson,zimmermanjacqueline@example.org,2025-01-09,REGULAR
CUST0401,Gregory Holmes PhD,gary24@example.net,2025-07-11,REGULAR
CUST0402,Patricia Johnson,enelson@example.com,2025-08-13,REGULAR
CUST0403,Laura Jones,ddixon@example.com,2025-10-20,REGULAR
CUST0404,Carol Moore,shannonemily@example.org,2023-02-18,REGULAR
CUST0405,Jordan Williams,sanchezthomas@example.com,2024-09-15,REGULAR
CUST0406,Cassidy Horne,tranrobin@example.net,2026-01-11,PREMIUM
CUST0407,Courtney Wright,joseph19@example.com,2023-05-06,REGULAR
CUST0408,Michael Williams,lindajarvis@example.com,2023-07-16,REGULAR
CUST0409,John Campbell,mark87@example.org,2025-05-01,PREMIUM
CUST0410,Eddie Mueller,stevenvargas@example.com,2025-07-17,REGULAR
CUST0411,Dr. Morgan Payne PhD,adamortiz@example.org,2025-07-29,REGULAR
CUST0412,Makayla Steele,tapiaaaron@example.net,2023-06-27,PREMIUM
CUST0413,Oscar Parker,alyssaallen@example.com,2026-04-09,REGULAR
CUST0414,Valerie Thomas,christopher38@example.com,2024-10-30,REGULAR
CUST0415,Jacqueline Villegas,carpenterwilliam@example.net,2024-06-10,PREMIUM
CUST0416,Angela Bradley,ibates@example.org,2026-02-07,REGULAR
CUST0417,Samuel Howe,vhaynes@example.com,2025-10-30,REGULAR
CUST0418,Dillon Jones,derekcarrillo@example.org,2025-12-02,PREMIUM
CUST0419,Christopher Owens,wmartinez@example.org,2026-07-16,REGULAR
CUST0420,John Phelps,mooregina@example.net,2026-03-02,PREMIUM
CUST0421,Amanda Huff,eddie35@example.com,2025-05-14,REGULAR
CUST0422,Megan Green,anthonysullivan@example.com,2025-05-22,REGULAR
CUST0423,Krista Davis,laradonald@example.org,2024-07-03,PREMIUM
CUST0424,Richard Walker,madisonwatson@example.net,2024-10-19,PREMIUM
CUST0425,Angela Willis,johnsoncaleb@example.net,2024-03-22,REGULAR
CUST0426,Carl Stein,david70@example.org,2025-06-16,REGULAR
CUST0427,Jessica Ramsey,rjohnson@example.com,2025-01-19,REGULAR
CUST0428,Daniel Lopez,sean20@example.net,2025-05-14,REGULAR
CUST0429,Danielle Phillips,eandrade@example.org,2025-06-10,REGULAR
CUST0430,James Barnes,crystalpham@example.org,2025-05-21,VIP
CUST0431,Rachael Howard DDS,kcooper@example.net,2025-08-11,REGULAR
CUST0432,Devin Johnson,anthonycochran@example.com,2025-08-04,PREMIUM
CUST0433,William Moreno,terrigarcia@example.net,2024-02-20,REGULAR
CUST0434,Joseph Moody,gallagherstacie@example.net,2026-03-30,REGULAR
CUST0435,Rebecca Kelly,gregorywatkins@example.net,2023-01-10,REGULAR
CUST0436,Suzanne Johnson,stacey92@example.net,2025-10-18,REGULAR
CUST0437,Sara Cochran,lweaver@example.com,2025-09-10,VIP
CUST0438,Anthony Guzman,foxaaron@example.net,2025-04-04,REGULAR
CUST0439,Carlos Love,brian29@example.net,2024-06-13,REGULAR
CUST0440,Patricia Mathis,susan56@example.net,2024-05-18,PREMIUM
CUST0441,Eric Taylor,jessicakim@example.net,2023-05-12,PREMIUM
CUST0442,Marie Thompson,jeffrey92@example.com,2026-03-17,REGULAR
CUST0443,Michael Anderson,rushstacy@example.com,2024-02-27,REGULAR
CUST0444,Patricia Bradley,carriemccall@example.net,2025-08-01,REGULAR
CUST0445,Keith Zuniga,markmiller@example.com,2026-03-18,REGULAR
CUST0446,Mrs. Stacey Davis,sean43@example.org,2023-06-22,REGULAR
CUST0447,Hayley Buchanan,williamssamuel@example.com,2025-01-25,REGULAR
CUST0448,Stacey Snyder,ybell@example.org,2023-12-09,REGULAR
CUST0449,Rachel Lane,franciscojones@example.org,2023-01-12,REGULAR
CUST0450,Fernando Lynn,petersonpamela@example.org,2026-04-07,REGULAR
CUST0451,Kimberly Villanueva,morgantricia@example.com,2024-05-24,REGULAR
CUST0452,Jessica Valdez,gmoore@example.com,2024-10-30,REGULAR
CUST0453,Colton Terry,donna43@example.org,2025-12-29,REGULAR
CUST0454,Kenneth Larsen,briansmith@example.org,2025-11-03,PREMIUM
CUST0455,Matthew Greene,collinclark@example.net,2026-02-26,REGULAR
CUST0456,Bradley Anthony,kristen77.com,2024-05-01,REGULAR
CUST0457,Deborah May,ylopez@example.com,2026-01-07,REGULAR
CUST0458,Andrew Gonzales,jeremy49@example.org,2024-09-21,REGULAR
CUST0459,Michael Davis,lindsey69@example.org,2026-05-29,PREMIUM
CUST0460,Sara Cardenas,rsheppard@example.com,2025-12-07,PREMIUM
CUST0461,Cynthia Evans,torr@example.org,2023-06-14,REGULAR
CUST0462,Stephanie Mcbride,davidtodd@example.org,2025-03-24,REGULAR
CUST0463,Carol Lewis,davidhenderson@example.net,2026-03-04,REGULAR
CUST0464,Zachary Burton,luis11@example.com,2023-09-19,REGULAR
CUST0465,Kristen Gates,astark@example.net,2025-04-04,REGULAR
CUST0466,Kelly Barnes,khernandez@example.net,2024-06-26,REGULAR
CUST0467,Traci Garcia,hartcraig@example.com,2025-09-29,PREMIUM
CUST0468,Sheryl Humphrey,patrick79@example.net,2023-08-16,REGULAR
CUST0469,Christopher Powell,vwilliams@example.net,2023-08-26,PREMIUM
CUST0470,Patrick Mccall,andrew44@example.com,2023-10-03,VIP
CUST0471,Shannon Cohen,dennismccann@example.com,2024-12-21,PREMIUM
CUST0472,Erica Daniel,lopezjason@example.com,2024-11-28,REGULAR
CUST0473,Olivia Camacho,robertsonerik@example.com,2025-09-25,REGULAR
CUST0474,Jennifer Deleon,thompsonnancy@example.org,2025-09-01,REGULAR
CUST0475,Danielle Bryant,janet45@example.com,2024-12-29,REGULAR
CUST0476,Madison Martinez,allentracy@example.com,2024-03-02,REGULAR
CUST0477,Seth Matthews,max41@example.com,2023-04-26,REGULAR
CUST0478,Anthony Nash,mercedesholland@example.net,2023-03-30,REGULAR
CUST0479,Matthew Palmer,wellsdavid@example.org,2025-09-28,PREMIUM
CUST0480,Alejandra King,jennifer46@example.com,2025-08-13,REGULAR
CUST0481,Judy Robinson,erica96@example.net,2025-06-20,REGULAR
CUST0482,Jorge Bates,anna99@example.com,2023-03-05,REGULAR
CUST0483,Brian Brown,danielle44@example.net,2025-10-09,REGULAR
CUST0484,Stephanie Evans,zacharyallen@example.org,2025-02-17,REGULAR
CUST0485,Rebekah Greene,erin07@example.com,2023-06-10,PREMIUM
CUST0486,Jason Price,aguilarwanda@example.org,2026-01-14,REGULAR
CUST0487,Micheal Parks,qknox@example.com,2023-03-02,REGULAR
CUST0488,Sarah Pittman,kellyruiz@example.net,2024-11-13,REGULAR
CUST0489,Robert Hines,staceylam@example.net,2024-07-19,REGULAR
CUST0490,Henry Garner,robert55@example.com,2024-09-27,PREMIUM
CUST0491,Julie Wilson,delacruzbrandy@example.net,2023-03-23,PREMIUM
CUST0492,Steve Mason,amoreno@example.org,2023-04-13,REGULAR
CUST0493,Brittany Gay,robert97@example.org,2024-08-23,REGULAR
CUST0494,Mike Maxwell,lcook@example.com,2025-10-16,VIP
CUST0495,Abigail Hill,barbaramoore@example.org,2023-08-22,REGULAR
CUST0496,Jeffrey Jordan,ysanford@example.org,2023-08-08,PREMIUM
CUST0497,Curtis Watson,mcclainkatherine@example.net,2025-10-16,REGULAR
CUST0498,Michael Sims,jeremywiley@example.com,2025-07-13,PREMIUM
CUST0499,James Chapman,cameronwilliams@example.com,2025-05-18,REGULAR
CUST0500,Joseph Warren,ibarron@example.com,2026-06-17,REGULAR
CUST0501,Katherine Christensen MD,osmith@example.net,2026-02-21,VIP
CUST0502,Mrs. Alison Wagner,richardsondebra@example.org,2023-05-26,REGULAR
CUST0503,Martin Wise,wheelerbrandon@example.org,2024-07-16,REGULAR
CUST0504,Alicia Norris,hwallace@example.net,2023-11-29,REGULAR
CUST0505,Michael Harris,turnerdorothy@example.net,2023-10-26,REGULAR
CUST0506,Lisa Haynes,grivas@example.net,2023-04-30,REGULAR
CUST0507,Autumn Wilson,jimenezchelsea@example.com,2025-02-27,PREMIUM
CUST0508,Valerie Howard,cphillips@example.net,2025-03-28,REGULAR
CUST0509,Daniel Fitzpatrick MD,smithchristopher@example.org,2026-04-05,REGULAR
CUST0510,Maureen Hernandez,chancharles@example.net,2023-08-28,REGULAR
CUST0511,David Hall,joseph01@example.org,2026-04-12,REGULAR
CUST0512,Sarah Ward,ronald11@example.org,2026-01-25,REGULAR
CUST0513,Charles Holland,michael79@example.com,2025-11-16,PREMIUM
CUST0514,Anna Briggs,danielross@example.com,2025-08-06,REGULAR
CUST0515,James Jefferson,zbanks@example.org,2024-11-28,REGULAR
CUST0516,Michael Brown,dalepruitt@example.com,2026-06-10,PREMIUM
CUST0517,Meghan White,nmaxwell@example.org,2023-10-29,REGULAR
CUST0518,Sheryl Acosta,timothyfreeman@example.com,2024-11-15,REGULAR
CUST0519,Arthur Pena,busherica@example.net,2024-08-16,REGULAR
CUST0520,Krystal Levine,april91@example.com,2023-09-09,PREMIUM
CUST0521,Danielle Reed,jhernandez@example.net,2023-08-03,PREMIUM
CUST0522,Mason Moore,kchristian@example.org,2025-01-16,PREMIUM
CUST0523,Erica Rivera,brent38@example.net,2023-06-09,PREMIUM
CUST0524,Robert Miller,csolis@example.org,2023-07-13,REGULAR
CUST0525,Jillian Wilson,bmcgee@example.org,2024-02-28,REGULAR
CUST0526,Andrew Dunn,connersylvia@example.net,2026-07-14,REGULAR
CUST0527,Jordan Clark,xclements@example.org,2023-12-11,PREMIUM
CUST0528,Sarah Rivera,xmoran@example.net,2023-02-11,REGULAR
CUST0529,Brent Hopkins,petersonmaria@example.com,2024-08-03,REGULAR
CUST0530,Jacqueline Rodriguez,travisunderwood@example.net,2024-08-05,REGULAR
CUST0531,Ashley Carr,davidphelps@example.org,2023-06-03,PREMIUM
CUST0532,Richard Love,shermanbrandon@example.net,2026-05-14,REGULAR
CUST0533,Leah Barton,lellis@example.net,2026-07-12,REGULAR
CUST0534,Jonathan Moreno,tranryan@example.net,2026-03-24,PREMIUM
CUST0535,Mr. Thomas Thompson,jessicaanderson@example.com,2023-01-09,PREMIUM
CUST0536,Lisa Morris,mbarnes.com,2026-07-21,REGULAR
CUST0537,Pamela Hill,tara72@example.org,2025-08-03,REGULAR
CUST0538,Michael Goodman,megan85@example.net,2024-03-23,REGULAR
CUST0539,Kristen Robinson,claudiaroberts@example.com,2024-01-06,REGULAR
CUST0540,Brandi Page,williambenson@example.com,2024-12-11,REGULAR
CUST0541,Paige Hart,icraig@example.com,2025-02-15,REGULAR
CUST0542,Jenny Smith,johnsondustin.com,2026-01-21,REGULAR
CUST0543,Christina Christensen,tonyavega@example.org,2025-08-13,REGULAR
CUST0544,Melissa Phillips,howardshaun@example.net,2023-10-18,REGULAR
CUST0545,Nancy Hancock,yyoung@example.net,2024-07-14,REGULAR
CUST0546,Matthew House,ybutler@example.net,2025-02-27,PREMIUM
CUST0547,Juan Smith,james73@example.net,2023-02-01,REGULAR
CUST0548,Maria Fischer,kimberlybrandt@example.com,2025-09-14,REGULAR
CUST0549,William Jones,jillwilson@example.org,2026-03-06,REGULAR
CUST0550,Justin Anderson,adam72@example.org,2024-06-19,REGULAR
CUST0551,Frank Williams,tracy98@example.com,2023-06-11,PREMIUM
CUST0552,Michael Fox,abigailhartman@example.org,2024-05-31,REGULAR
CUST0553,Joshua Davis,nicolealvarado@example.com,2024-06-09,PREMIUM
CUST0554,Daniel Goodwin,wbarajas@example.net,2026-04-25,REGULAR
CUST0555,Michael Griffin,susanfleming@example.com,2025-01-13,REGULAR
CUST0556,Robert Wilson,amber40@example.net,2023-04-09,PREMIUM
CUST0557,Jaime Lang,stucker@example.net,2023-02-27,REGULAR
CUST0558,Jose Vaughan,teresaayala@example.net,2023-11-06,PREMIUM
CUST0559,Austin Santiago,michellecoleman@example.org,2024-04-26,REGULAR
CUST0560,Ronald Johns,elucas@example.net,2025-04-23,REGULAR
CUST0561,Allison Love,millerbrian@example.com,2025-10-01,REGULAR
CUST0562,Laura Perez,rickey76@example.com,2026-04-27,REGULAR
CUST0563,James Wilson,maychristine@example.net,2024-02-29,REGULAR
CUST0564,Mercedes Jones,robertsgina@example.net,2024-09-13,PREMIUM
CUST0565,Preston Kim,bshort@example.com,2024-08-23,REGULAR
CUST0566,Daniel Francis,susan24@example.net,2025-12-11,REGULAR
CUST0567,Traci Camacho,susan08@example.net,2025-03-17,REGULAR
CUST0568,Andrew Armstrong,fmedina@example.com,2024-10-21,REGULAR
CUST0569,Patrick Swanson,robertbrewer@example.net,2026-07-01,REGULAR
CUST0570,Clinton Jensen,james29@example.org,2023-06-09,REGULAR
CUST0571,Tara Gamble,enewman@example.com,2024-04-21,REGULAR
CUST0572,Danielle Gonzalez,wlynn@example.org,2023-09-16,REGULAR
CUST0573,Cynthia Mitchell,mcculloughlouis@example.com,2023-03-07,PREMIUM
CUST0574,Matthew Steele,arianadiaz@example.com,2025-08-13,VIP
CUST0575,Caroline Edwards,jenniferdavidson@example.com,2026-05-14,PREMIUM
CUST0576,Brandy Quinn,wford@example.com,2025-09-17,REGULAR
CUST0577,Mr. Matthew Miller,michele28@example.org,2026-03-10,REGULAR
CUST0578,Stephen Jones,mcclainmelissa@example.net,2023-08-10,PREMIUM
CUST0579,Kevin Sullivan,rebeccaarnold@example.net,2024-11-11,REGULAR
CUST0580,Kimberly Valdez,michaelwalker@example.net,2026-04-24,REGULAR
CUST0581,Donna Marshall,sanderswayne@example.net,2025-05-31,REGULAR
CUST0582,Victor Holden,katherinetaylor@example.org,2024-11-29,PREMIUM
CUST0583,Travis Hopkins,jillwebb@example.com,2026-03-31,REGULAR
CUST0584,Philip Hall,mike03@example.net,2024-07-24,REGULAR
CUST0585,Heather Harrison,ckeith@example.net,2024-01-23,VIP
CUST0586,Michael Boyd,mary49@example.net,2023-10-17,REGULAR
CUST0587,Jamie Gray,blacknicholas@example.org,2025-05-22,REGULAR
CUST0588,Heather Parrish,msparks@example.org,2025-12-29,REGULAR
CUST0589,Brenda Martin,robertsonjuan@example.org,2024-03-19,REGULAR
CUST0590,Jack Love,guerrerorobert@example.com,2023-11-07,REGULAR
CUST0591,Karen Mendoza,brittanyholland@example.com,2024-12-03,REGULAR
CUST0592,Andrew Berry,dennishunt@example.net,2023-05-17,PREMIUM
CUST0593,Christopher Nielsen,kgreene@example.net,2024-05-11,REGULAR
CUST0594,Nathan Stanley,stacey37@example.net,2025-05-04,REGULAR
CUST0595,Sharon Jackson DVM,laurahoover@example.org,2023-09-02,PREMIUM
CUST0596,Kayla Jackson,sandra99@example.org,2025-09-17,REGULAR
CUST0597,James Rodriguez,alexandrablankenship@example.net,2023-12-15,REGULAR
CUST0598,Chase Davis,mvalenzuela@example.org,2023-08-04,REGULAR
CUST0599,Kim Goodwin,olsondavid@example.net,2024-07-14,REGULAR
CUST0600,April Pace,xboyd@example.org,2026-06-02,VIP
